month,creator,ad_date,content_name,product,platform,reach,impressions,spend_thb,purchases,revenue_thb,roas,cpm_thb,cpa_thb,clicks,ctr,v2s,v6s,ad_variants,hit_roas
Feb26,มิ้น,2025-02-11,สัมภาษณ์คุณปั๊ม คิ้วต่ำ,Kiwtum,Meta,70750,115886,7285.95,49.0,23836.0,3.27,62.87,148.69,,,,,28,ผ่าน
Feb26,มิ้น,2025-05-22,จะเป็นยังไง! เมื่อคนที่หมดแพชชัน  ต้องไปเป็นที่ปรึกษาให้เหล่าดวงวิญญาณ,Ghostly Brews,Meta,10100,11545,537.47,0.0,0.0,0.0,46.55,,,,,,16,ไม่มียอดขาย
Feb26,มิ้น,2025-07-23,อ่านแล้วหายเหนื่อย,เหนื่อยมากไหม พักก่อนก็ได้นะ,Meta,67383,105404,3989.82,25.0,11883.0,2.98,37.85,159.59,,,,,16,ผ่าน
Feb26,มิ้น,2025-10-29,2 หนังสือเรียกน้ำตา,Ghostly Remains,Meta,262934,327068,11783.01,21.0,14880.0,1.26,36.03,561.1,,,,,20,ไม่ผ่าน
Feb26,มิ้น,2025-11-10,ป้ายยาหนังสือ 7 เล่ม,All Product,Meta,63620,69772,606.35,0.0,0.0,0.0,8.69,,,,,,3,ไม่มียอดขาย
Feb26,มิ้น,2025-11-20,E-Book หนังสือปีศาจ 1,All Product,Meta,4623,5691,599.01,1.0,579.0,0.97,105.26,599.01,,,,,4,ไม่ผ่าน
Feb26,มิ้น,2025-12-03,น้ำตาซึมไปหลายวัน,Ghostly Remains,Meta,17540,24563,1380.67,0.0,0.0,0.0,56.21,,,,,,6,ไม่มียอดขาย
Feb26,มิ้น,2025-12-03,เล่มนี้ทำน้ำตาไหลหนักมาก,Ghostly Brews,Meta,52604,68318,4510.54,15.0,8956.0,1.99,66.02,300.7,,,,,11,ไม่ผ่าน
Feb26,มิ้น,2025-12-24,ดวงสมพงษ์กัน,The Witches' Club,Meta,3360,4165,589.25,1.0,409.0,0.69,141.48,589.25,,,,,5,ไม่ผ่าน
Feb26,มิ้น,2026-01-16,แนะนำหนังสือฟีลเพื่อน,The Witches' Club,Meta,1619,1938,150.66,1.0,499.0,3.31,77.74,150.66,,,,,1,ผ่าน
Feb26,มิ้น,2026-01-22,5 สิ่งที่ทำได้เลย,กับดักความรู้สึกผิด,Meta,14280,19918,2665.39,5.0,2395.0,0.9,133.82,533.08,,,,,2,ไม่ผ่าน
Feb26,มิ้น,2026-01-23,บางคนตายไป,Ghostly Brews,Meta,217347,274353,4441.77,4.0,2587.0,0.58,16.19,1110.44,,,,,6,ไม่ผ่าน
Feb26,มิ้น,2026-01-23,หนังสือที่อยากให้อ่าน 2026,Ghostly Brews,Meta,1119,1224,141.35,0.0,0.0,0.0,115.48,,,,,,2,ไม่มียอดขาย
Feb26,มิ้น,2026-01-26,บางเรื่องในชีวิตต่อให้เราพยายามลืมแค่ไหน,Ghostly Remains,Meta,4713,6568,496.17,0.0,0.0,0.0,75.54,,,,,,1,ไม่มียอดขาย
Feb26,มิ้น,2026-01-26,หนังสือที่ได้ไปต่อในปี 2026,Ghostly Remains,Meta,31785,35206,618.21,0.0,0.0,0.0,17.56,,,,,,3,ไม่มียอดขาย
Feb26,มิ้น,2026-01-29,Unboxing หนังสือเล่มแรกของปี 2026,กับดักความรู้สึกผิด,Meta,60792,108259,13991.83,37.0,27470.0,1.96,129.24,378.16,,,,,10,ไม่ผ่าน
Feb26,มิ้น,2026-01-30,โดนตกเพราะกล่อง,The Witches' Club,Meta,2325,3060,172.37,0.0,0.0,0.0,56.33,,,,,,1,ไม่มียอดขาย
Feb26,มิ้น,2026-02-04,มนุษย์ที่เป็นคนดี,กับดักความรู้สึกผิด,Meta,1005189,1481568,98053.5,494.0,230113.0,2.35,66.18,198.49,,,,,24,ไม่ผ่าน
Feb26,มิ้น,2026-02-04,มนุษย์ที่เป็นคนดี (สัมภาษณ์หมอ),กับดักความรู้สึกผิด,Meta,64274,82929,3853.84,14.0,4974.0,1.29,46.47,275.27,,,,,3,ไม่ผ่าน
Feb26,มิ้น,2026-02-04,หมึกซึม รางวัลนายอินทร์,Ghostly Brews,Meta,9656,10208,93.5,0.0,0.0,0.0,9.16,,,,,,1,ไม่มียอดขาย
Feb26,มิ้น,2026-02-06,รักกันอยู่ แต่ไม่เห็นอนาคตร่วมกัน,Garden,Meta,12684,24497,485.18,0.0,0.0,0.0,19.81,,,,,,1,ไม่มียอดขาย
Feb26,มิ้น,2026-02-10,ชนแล้วหนี,Ghostly Remains,Meta,10241,14002,1087.77,0.0,0.0,0.0,77.69,,,,,,2,ไม่มียอดขาย
Feb26,มิ้น,2026-02-12,5/5 ยกให้เป็นหนังสือ,เหนื่อยมากไหม พักก่อนก็ได้นะ,Meta,6330,7865,541.96,0.0,0.0,0.0,68.91,,,,,,1,ไม่มียอดขาย
Feb26,มิ้น,2026-02-12,คนดีชอบแบกความคาดหวัง,กับดักความรู้สึกผิด,Meta,20057,27082,4010.59,13.0,5567.0,1.39,148.09,308.51,,,,,1,ไม่ผ่าน
Feb26,มิ้น,2026-02-12,ความผิดหวัง,The Witches' Club,Meta,9675,11564,1273.53,2.0,998.0,0.78,110.13,636.76,,,,,2,ไม่ผ่าน
Feb26,มิ้น,2026-02-17,20 เล่มลายเซ็น,กับดักความรู้สึกผิด,Meta,253737,425005,34654.49,166.0,75852.0,2.19,81.54,208.76,,,,,14,ไม่ผ่าน
Feb26,มิ้น,2026-02-18,2 หนังสือการ์ตูน Comic,Ghostly Remains,Meta,6230,8719,470.92,0.0,0.0,0.0,54.01,,,,,,1,ไม่มียอดขาย
Feb26,มิ้น,2026-02-23,People Pleaser,กับดักความรู้สึกผิด,Meta,5193,6212,1219.85,4.0,1514.0,1.24,196.37,304.96,,,,,1,ไม่ผ่าน
Feb26,มิ้น,2026-02-24,แมวที่เก็บมาเลี้ยงหายไป,Ghostly Brews,Meta,8610,10935,1019.82,1.0,629.0,0.62,93.26,1019.82,,,,,2,ไม่ผ่าน
Feb26,มิ้น,2026-02-25,5 วิธีรับมือกับ “ความรู้สึกผิด”,กับดักความรู้สึกผิด,Meta,3976,5262,939.42,1.0,718.0,0.76,178.53,939.42,,,,,1,ไม่ผ่าน
Feb26,มิ้น,2026-02-25,ถ้าคุณมีโอกาสได้เจอ,กับดักความรู้สึกผิด,Meta,3465,5007,876.29,1.0,379.0,0.43,175.01,876.29,,,,,1,ไม่ผ่าน
Feb26,มิ้น,2025-08-05,สัมเมไอ,,TikTok,0,0,0.1,0.0,0.0,0.0,,0.0,0.0,0.0,0.0,0.0,1,ไม่มียอดขาย
Feb26,มิ้น,2025-08-11,ชีวิตคือการทดลอง,,TikTok,6181,6181,103.39,4.0,339.0,3.35,16.73,155.0,259.0,0.04,0.36,0.14,1,ผ่าน
Feb26,มิ้น,2025-08-13,ประโยคที่คอยดึงสติ,,TikTok,2652,2652,12.65,4.0,326.95,25.91,4.77,58.0,37.0,0.01,0.15,0.05,1,ผ่าน
Feb26,มิ้น,2025-08-15,แด่มนุษย์ที่ใจดีทุกคน,,TikTok,0,0,0.27,0.0,0.0,0.0,,0.0,0.0,0.0,0.0,0.0,1,ไม่มียอดขาย
Feb26,มิ้น,2025-08-15,5 ข้อคิดจากหนังสือ,,TikTok,0,0,0.23,0.0,0.0,0.0,,0.0,0.0,0.0,0.0,0.0,1,ไม่มียอดขาย
Feb26,มิ้น,2025-08-18,ประโยคที่อ่านแล้วน้ำตาซึม,,TikTok,884,884,83.07,4.0,572.63,6.77,93.97,31.0,29.0,0.03,0.27,0.12,1,ผ่าน
Feb26,มิ้น,2025-08-25,1000/100 เพราะดีเกิน,,TikTok,34041,34041,225.11,31.0,4214.39,18.65,6.61,140.0,1268.0,0.04,0.32,0.11,1,ผ่าน
Feb26,มิ้น,2025-08-28,เพราะไม่มีใครจัดการปีศาจ,,TikTok,23237,23237,1413.51,10.0,1357.36,0.97,60.83,304.0,1002.0,0.04,0.43,0.12,1,ไม่ผ่าน
Feb26,มิ้น,2025-09-02,รวมประโยคที่เจ็บทุกดอก,ปีศาจตัวนั้นคือฉัน,TikTok,14106,14106,525.91,11.0,1494.76,2.83,37.28,99.0,510.0,0.04,0.33,0.18,1,ผ่าน
Feb26,มิ้น,2025-09-06,9.9,รวมฮีลใจ,TikTok,32078,32078,417.62,24.0,2525.63,6.05,13.02,141.0,2224.0,0.07,0.23,0.09,1,ผ่าน
Feb26,มิ้น,2025-09-06,9.9,รวมฮีลใจ,TikTok,10822,10822,166.38,6.0,653.57,3.96,15.37,255.0,689.0,0.06,0.23,0.09,1,ผ่าน
Feb26,มิ้น,2025-09-06,9.9,รวมฮีลใจ,TikTok,6761,6761,486.63,4.0,339.0,0.7,71.98,154.0,497.0,0.07,0.24,0.1,1,ไม่ผ่าน
Feb26,มิ้น,2025-09-06,9.9,รวมฮีลใจ,TikTok,7765,7765,239.53,4.0,300.2,1.25,30.85,225.0,600.0,0.08,0.25,0.1,1,ไม่ผ่าน
Feb26,มิ้น,2025-09-06,9.9,รวมฮีลใจ,TikTok,331,331,1.2,1.0,0.0,0.0,3.63,29.0,29.0,0.09,0.27,0.14,1,ไม่มียอดขาย
Feb26,มิ้น,2025-09-06,9.9,รวมฮีลใจ,TikTok,329,329,0.15,0.0,0.0,0.0,0.46,0.0,19.0,0.06,0.31,0.12,1,ไม่มียอดขาย
Feb26,มิ้น,2025-09-09,ใครที่รู้สึกหมดไฟ,ปีศาจ 2,TikTok,0,0,18.71,0.0,0.0,0.0,,0.0,0.0,0.0,0.0,0.0,1,ไม่มียอดขาย
Feb26,มิ้น,2025-09-10,5 สัญญาณเหนื่อย,เหนื่อยมากไหม,TikTok,0,0,9.72,0.0,0.0,0.0,,0.0,0.0,0.0,0.0,0.0,1,ไม่มียอดขาย
Feb26,มิ้น,2025-09-11,ใครที่กำลังหมดแพชชัน,Ghostly Brews,TikTok,1275,1275,2.43,1.0,0.0,0.0,1.91,54.0,26.0,0.02,0.24,0.07,1,ไม่มียอดขาย
Feb26,มิ้น,2025-09-11,บทที่ 10,โอบกอด,TikTok,0,0,0.91,0.0,0.0,0.0,,0.0,0.0,0.0,0.0,0.0,1,ไม่มียอดขาย
Feb26,มิ้น,2025-09-12,เล่ม 1 เล่ม 2 ต่างกันยังไง,ปีศาจตัวนั้นคือฉัน,TikTok,15628,15628,3195.05,57.0,6128.99,1.92,204.44,71.0,626.0,0.04,0.17,0.1,1,ไม่ผ่าน
Feb26,มิ้น,2025-09-13,Unboxing The Witches,The Witches Club,TikTok,15673,15673,189.0,10.0,1017.0,5.38,12.06,129.0,1067.0,0.07,0.38,0.16,1,ผ่าน
Feb26,มิ้น,2025-09-15,ประโยคจากหนังสือ,ดอกไม้เดี่ยว,TikTok,3123,3123,101.94,6.0,598.62,5.84,32.64,60.0,85.0,0.03,0.24,0.07,1,ผ่าน
Feb26,มิ้น,2025-09-18,โคตรชอบประโยคนี้เลย,ปีศาจ 2,TikTok,0,0,147.4,0.0,0.0,0.0,,0.0,0.0,0.0,0.0,0.0,1,ไม่มียอดขาย
Feb26,มิ้น,2025-09-18,เมื่อไหร่ที่รู้สึกไร้ค่า,ปีศาจ 2,TikTok,0,0,0.05,0.0,0.0,0.0,,0.0,0.0,0.0,0.0,0.0,1,ไม่มียอดขาย
Feb26,มิ้น,2025-09-18,ประโยคหลังปกจากหนังสือ,ปีศาจ 2,TikTok,0,0,7.53,0.0,0.0,0.0,,0.0,0.0,0.0,0.0,0.0,1,ไม่มียอดขาย
Feb26,มิ้น,2025-09-19,เปลี่ยนความทุกข์,The Witches Club,TikTok,0,0,0.66,0.0,0.0,0.0,,0.0,0.0,0.0,0.0,0.0,1,ไม่มียอดขาย
Feb26,มิ้น,2025-09-22,ป้ายยา คล้ายซีรีส์,Ghostly Brews,TikTok,0,0,1.63,0.0,0.0,0.0,,0.0,0.0,0.0,0.0,0.0,1,ไม่มียอดขาย
Feb26,มิ้น,2025-09-24,Payday ฮีลใจ,รวมฮีลใจ,TikTok,0,0,19.13,0.0,0.0,0.0,,0.0,0.0,0.0,0.0,0.0,1,ไม่มียอดขาย
Feb26,มิ้น,2025-09-24,Payday ฮีลใจ,รวมฮีลใจ,TikTok,0,0,2.7,0.0,0.0,0.0,,0.0,0.0,0.0,0.0,0.0,1,ไม่มียอดขาย
Feb26,มิ้น,2025-09-24,Payday ฮีลใจ,รวมฮีลใจ,TikTok,0,0,0.11,0.0,0.0,0.0,,0.0,0.0,0.0,0.0,0.0,1,ไม่มียอดขาย
Feb26,มิ้น,2025-09-24,Payday ฮีลใจ,รวมฮีลใจ,TikTok,0,0,161.1,0.0,0.0,0.0,,0.0,0.0,0.0,0.0,0.0,1,ไม่มียอดขาย
Feb26,มิ้น,2025-09-24,Payday ฮีลใจ,รวมฮีลใจ,TikTok,0,0,34.04,0.0,0.0,0.0,,0.0,0.0,0.0,0.0,0.0,1,ไม่มียอดขาย
Feb26,มิ้น,2025-09-25,สวนที่มีดินอุดมสมบูรณ์,Boxset สวนดอกไม้,TikTok,2499,2499,24.87,3.0,253.46,10.04,9.95,122.0,108.0,0.04,0.25,0.12,1,ผ่าน
Feb26,มิ้น,2025-09-29,ปีศาจใหม่เพิ่มอีก 6 ตัว,ปีศาจ 2,TikTok,1233,1233,1.25,2.0,0.0,0.0,1.01,53.0,65.0,0.05,0.22,0.08,1,ไม่มียอดขาย
Feb26,มิ้น,2025-09-30,คนที่ควรหยิบเล่มนี้มาอ่าน,Ghostly remains,TikTok,0,0,3.07,0.0,0.0,0.0,,0.0,0.0,0.0,0.0,0.0,1,ไม่มียอดขาย
Feb26,มิ้น,2025-10-01,Unpack,ปีศาจตัวนั้นคือฉัน,TikTok,1388,1388,14.52,3.0,296.0,20.39,10.46,45.0,35.0,0.03,0.23,0.07,1,ผ่าน
Feb26,มิ้น,2025-10-06,10 ประโยคที่โคตรฮีลใจ,ปีศาจ 2,TikTok,1686,1686,33.14,5.0,581.14,17.51,19.66,54.0,90.0,0.05,0.22,0.1,1,ผ่าน
Feb26,มิ้น,2025-10-10,10.1,รวมฮีลใจ,TikTok,1927,1927,7.36,1.0,0.0,0.0,3.82,165.0,67.0,0.03,0.21,0.07,1,ไม่มียอดขาย
Feb26,มิ้น,2025-10-10,10.1,รวมฮีลใจ,TikTok,125,125,0.03,0.0,0.0,0.0,0.24,0.0,2.0,0.02,0.26,0.09,1,ไม่มียอดขาย
Feb26,มิ้น,2025-10-14,จากใจนักเขียน,Ghostly Brews,TikTok,0,0,1.82,0.0,0.0,0.0,,0.0,0.0,0.0,0.0,0.0,1,ไม่มียอดขาย
Feb26,มิ้น,2025-10-15,ป้ายยา หนังสือฮีลใจฮาโลวีน,รวมฮีลใจ,TikTok,6837,6837,180.6,4.0,339.0,1.88,26.42,249.0,281.0,0.04,0.26,0.09,1,ไม่ผ่าน
Feb26,มิ้น,2025-10-15,ป้ายยา หนังสือฮีลใจฮาโลวีน,รวมฮีลใจ,TikTok,2701,2701,62.31,4.0,329.0,5.28,23.07,69.0,132.0,0.05,0.27,0.09,1,ผ่าน
Feb26,มิ้น,2025-10-15,ป้ายยา หนังสือฮีลใจฮาโลวีน,รวมฮีลใจ,TikTok,798,798,124.54,1.0,0.0,0.0,156.07,99.0,25.0,0.03,0.33,0.1,1,ไม่มียอดขาย
Feb26,มิ้น,2025-10-15,ป้ายยา หนังสือฮีลใจฮาโลวีน,รวมฮีลใจ,TikTok,173,173,2.51,0.0,0.0,0.0,14.51,0.0,3.0,0.02,0.21,0.09,1,ไม่มียอดขาย
Feb26,มิ้น,2025-10-16,ฉันจะมีชีวิตที่ดี,ฉันจะมีชีวิตที่ดี,TikTok,1371,1371,354.36,3.0,255.0,0.72,258.47,51.0,36.0,0.03,0.22,0.09,1,ไม่ผ่าน
Feb26,มิ้น,2025-10-16,ถึงจะเป็นยาแรง,ปีศาจตัวนั้นคือฉัน,TikTok,0,0,0.05,0.0,0.0,0.0,,0.0,0.0,0.0,0.0,0.0,1,ไม่มียอดขาย
Feb26,มิ้น,2025-10-20,หนังสือของเราได้ออกทีวีด้วย,รวมฮีลใจ,TikTok,20998,20998,278.31,13.0,1795.68,6.47,13.25,153.0,982.0,0.05,0.65,0.29,1,ผ่าน
Feb26,มิ้น,2025-10-20,หนังสือของเราได้ออกทีวีด้วย,รวมฮีลใจ,TikTok,6306,6306,33.86,6.0,599.8,17.77,5.37,103.0,515.0,0.08,0.69,0.38,1,ผ่าน
Feb26,มิ้น,2025-10-20,หนังสือของเราได้ออกทีวีด้วย,รวมฮีลใจ,TikTok,18291,18291,116.1,4.0,349.0,3.06,6.35,616.0,986.0,0.05,0.7,0.32,1,ผ่าน
Feb26,มิ้น,2025-10-20,หนังสือของเราได้ออกทีวีด้วย,รวมฮีลใจ,TikTok,110,110,8.39,1.0,0.0,0.0,76.27,4.0,2.0,0.02,0.35,0.15,1,ไม่มียอดขาย
Feb26,มิ้น,2025-10-21,เพราะในทุกความเกลียด,Ghostly remains,TikTok,5433,5433,55.48,5.0,571.28,10.37,10.21,140.0,87.0,0.02,0.35,0.13,1,ผ่าน
Feb26,มิ้น,2025-10-23,เหนื่อยจนไม่รูว่าที่ทำอยู่คือความฝันของใคร,ขอใช้ชีวิตที่เหลือเพื่อตัวเองนะ,TikTok,1091,1091,85.19,2.0,0.0,0.0,78.08,60.0,20.0,0.02,0.25,0.09,1,ไม่มียอดขาย
Feb26,มิ้น,2025-10-23,ป้ายยาหนังสือหมึกซึม,Ghostly remains,TikTok,0,0,6.41,0.0,0.0,0.0,,0.0,0.0,0.0,0.0,0.0,1,ไม่มียอดขาย
Feb26,มิ้น,2025-10-23,ป้ายยาหนังสือหมึกซึม,Ghostly remains,TikTok,0,0,16.19,0.0,0.0,0.0,,0.0,0.0,0.0,0.0,0.0,1,ไม่มียอดขาย
Feb26,มิ้น,2025-10-24,จะรักใครสักคนได้ยังไง,ดอกไม้เดี่ยว,TikTok,20946,20946,79.07,9.0,1129.0,14.35,3.77,220.0,1637.0,0.08,0.33,0.1,1,ผ่าน
Feb26,มิ้น,2025-10-25,ปัญหาที่รุมเร้าชีวิต,The Witches Club,TikTok,11622,11622,47.21,11.0,1491.05,31.46,4.06,109.0,482.0,0.04,0.32,0.11,1,ผ่าน
Feb26,มิ้น,2025-10-27,2 หนังสือฮีลใจเรียกน้ำตา,Ghostly remains,TikTok,23331,23331,379.74,13.0,1915.89,5.04,16.28,287.0,560.0,0.02,0.19,0.08,1,ผ่าน
Feb26,มิ้น,2025-10-27,อย่าอ่านแคปชั่น,รวมฮีลใจ,TikTok,4533,4533,208.54,4.0,555.24,2.66,46.0,136.0,140.0,0.03,0.48,0.21,1,ผ่าน
Feb26,มิ้น,2025-10-27,อย่าอ่านแคปชั่น,รวมฮีลใจ,TikTok,291,291,32.24,1.0,0.0,0.0,110.79,38.0,9.0,0.03,0.51,0.28,1,ไม่มียอดขาย
Feb26,มิ้น,2025-10-27,อย่าอ่านแคปชั่น,รวมฮีลใจ,TikTok,5899,5899,23.77,1.0,0.0,0.0,4.03,768.0,144.0,0.02,0.42,0.19,1,ไม่มียอดขาย
Feb26,มิ้น,2025-10-27,อย่าอ่านแคปชั่น,รวมฮีลใจ,TikTok,3756,3756,3.01,1.0,0.0,0.0,0.8,353.0,142.0,0.04,0.45,0.21,1,ไม่มียอดขาย
Feb26,มิ้น,2025-10-27,2 หนังสือฮีลใจเรียกน้ำตา,Ghostly remains,TikTok,0,0,0.01,0.0,0.0,0.0,,0.0,0.0,0.0,0.0,0.0,1,ไม่มียอดขาย
Feb26,มิ้น,2025-10-27,อย่าอ่านแคปชั่น,รวมฮีลใจ,TikTok,702,702,63.34,0.0,0.0,0.0,90.23,0.0,34.0,0.05,0.42,0.19,1,ไม่มียอดขาย
Feb26,มิ้น,2025-10-27,อย่าอ่านแคปชั่น,รวมฮีลใจ,TikTok,51,51,2.96,0.0,0.0,0.0,58.04,0.0,1.0,0.02,0.14,0.14,1,ไม่มียอดขาย
Feb26,มิ้น,2025-10-27,อย่าอ่านแคปชั่น,รวมฮีลใจ,TikTok,0,0,12.23,0.0,0.0,0.0,,0.0,0.0,0.0,0.0,0.0,1,ไม่มียอดขาย
Feb26,มิ้น,2025-10-27,ซื้อตอนนี้มีราคาพิเศษ,ปีศาจ 2,TikTok,195,195,0.71,0.0,0.0,0.0,3.64,0.0,4.0,0.02,0.19,0.05,1,ไม่มียอดขาย
Feb26,มิ้น,2025-10-30,อ่านเล่มนี้ถ้าคุณ,ความลับสู่เงินล้าน,TikTok,0,0,1.42,0.0,0.0,0.0,,0.0,0.0,0.0,0.0,0.0,1,ไม่มียอดขาย
Feb26,มิ้น,2025-10-31,2 ปีของการเติบโต,ปีศาจ 2,TikTok,44850,44850,2168.81,42.0,5099.82,2.35,48.36,125.0,2026.0,0.05,0.34,0.14,1,ไม่ผ่าน
Feb26,มิ้น,2025-10-31,2 ปีของการเติบโต,ปีศาจ 2,TikTok,9747,9747,206.25,8.0,1196.0,5.81,21.16,191.0,413.0,0.04,0.33,0.13,1,ผ่าน
Feb26,มิ้น,2025-11-03,เพราะพรุ่งนี้แกอาจจะไม่มีชีวิต,Ghostly Brews,TikTok,0,0,8.57,0.0,0.0,0.0,,0.0,0.0,0.0,0.0,0.0,1,ไม่มียอดขาย
Feb26,มิ้น,2025-11-04,เริ่มต้นปีใหม่ด้วยการเปลี่ยนแปลง,ปีศาจตัวนั้นคือฉัน,TikTok,842,842,57.49,1.0,0.0,0.0,68.28,83.0,21.0,0.02,0.21,0.07,1,ไม่มียอดขาย
Feb26,มิ้น,2025-11-06,สภาพหลังได้อ่าน,Ghostly remains,TikTok,103706,103706,1753.62,21.0,4190.91,2.39,16.91,832.0,1090.0,0.01,0.35,0.08,1,ไม่ผ่าน
Feb26,มิ้น,2025-11-07,11.11,รวมฮีลใจ,TikTok,1841,1841,78.49,4.0,649.34,8.3,42.63,132.0,119.0,0.06,0.25,0.11,1,ผ่าน
Feb26,มิ้น,2025-11-07,11.11,รวมฮีลใจ,TikTok,3129,3129,40.3,0.0,0.0,0.0,12.88,0.0,147.0,0.05,0.2,0.08,1,ไม่มียอดขาย
Feb26,มิ้น,2025-11-07,11.11,รวมฮีลใจ,TikTok,189,189,1.79,0.0,0.0,0.0,9.47,0.0,2.0,0.01,0.03,0.01,1,ไม่มียอดขาย
Feb26,มิ้น,2025-11-10,คนเราสามารถแตกสลายได้กี่ครั้ง,โอบกอด,TikTok,0,0,1.18,0.0,0.0,0.0,,0.0,0.0,0.0,0.0,0.0,1,ไม่มียอดขาย
Feb26,มิ้น,2025-11-10,คนที่แอบชอบ,Ghostly remains,TikTok,415,415,2.55,0.0,0.0,0.0,6.14,0.0,3.0,0.01,0.14,0.04,1,ไม่มียอดขาย
Feb26,มิ้น,2025-11-10,การถูกมองข้าม,ปีศาจตัวนั้นคือฉัน,TikTok,14306,14306,392.3,0.0,0.0,0.0,27.42,0.0,372.0,0.03,0.36,0.14,1,ไม่มียอดขาย
Feb26,มิ้น,2025-11-11,การนอกใจไม่ใช่เรื่องปกติ,ปีศาจ 2,TikTok,24290,24290,314.51,6.0,1195.88,3.79,12.95,558.0,573.0,0.02,0.33,0.1,1,ผ่าน
Feb26,มิ้น,2025-11-12,เสน่ห์ของความห่างไกล,ดอกไม้เดี่ยว,TikTok,11074,11074,224.83,5.0,698.0,3.11,20.3,196.0,151.0,0.01,0.28,0.1,1,ผ่าน
Feb26,มิ้น,2025-11-17,เมื่อก่อนเคยคิดว่าการอยู่คนเดียว,Ghostly Brews,TikTok,0,0,17.87,0.0,0.0,0.0,,0.0,0.0,0.0,0.0,0.0,1,ไม่มียอดขาย
Feb26,มิ้น,2025-11-17,5 คำพูดมงคล,The Witches Club,TikTok,20421,20421,0.05,0.0,0.0,0.0,0.0,0.0,172.0,0.01,0.22,0.06,1,ไม่มียอดขาย
Feb26,มิ้น,2025-11-18,จะจัดการความรู้สึก,ปีศาจตัวนั้นคือฉัน,TikTok,47,47,3.47,0.0,0.0,0.0,73.83,0.0,1.0,0.02,0.32,0.09,1,ไม่มียอดขาย
Feb26,มิ้น,2025-11-20,น้ำตาซึม 3000,Ghostly Brews,TikTok,0,0,2.43,0.0,0.0,0.0,,0.0,0.0,0.0,0.0,0.0,1,ไม่มียอดขาย
Feb26,มิ้น,2025-11-20,รักกันแต่ไปต่อด้วยกันไม่ได้,โอบกอด,TikTok,0,0,51.08,0.0,0.0,0.0,,0.0,0.0,0.0,0.0,0.0,1,ไม่มียอดขาย
Feb26,มิ้น,2025-11-21,แด่ทุกความสัมพันธ์,Ghostly remains,TikTok,246,246,0.97,0.0,0.0,0.0,3.94,0.0,6.0,0.02,0.19,0.1,1,ไม่มียอดขาย
Feb26,มิ้น,2025-11-24,ภาคต่อหนังสือฮีลใจ,Ghostly remains,TikTok,730,730,7.39,1.0,0.0,0.0,10.12,89.0,15.0,0.02,0.15,0.05,1,ไม่มียอดขาย
Feb26,มิ้น,2025-11-24,Payday,รวมฮีลใจ,TikTok,72,72,5.81,0.0,0.0,0.0,80.69,0.0,0.0,0.0,0.2,0.02,1,ไม่มียอดขาย
Feb26,มิ้น,2025-11-24,Payday,รวมฮีลใจ,TikTok,19,19,0.52,0.0,0.0,0.0,27.37,0.0,0.0,0.0,0.14,0.0,1,ไม่มียอดขาย
Feb26,มิ้น,2025-11-24,Payday,รวมฮีลใจ,TikTok,0,0,5.89,0.0,0.0,0.0,,0.0,0.0,0.0,0.0,0.0,1,ไม่มียอดขาย
Feb26,มิ้น,2025-11-24,Payday,รวมฮีลใจ,TikTok,73,73,0.25,0.0,0.0,0.0,3.42,0.0,3.0,0.04,0.28,0.12,1,ไม่มียอดขาย
Feb26,มิ้น,2025-11-24,Payday,รวมฮีลใจ,TikTok,0,0,1.21,0.0,0.0,0.0,,0.0,0.0,0.0,0.0,0.0,1,ไม่มียอดขาย
Feb26,มิ้น,2025-11-24,Payday,รวมฮีลใจ,TikTok,282,282,0.22,0.0,0.0,0.0,0.78,0.0,6.0,0.02,0.19,0.05,1,ไม่มียอดขาย
Feb26,มิ้น,2025-11-25,ไม่ได้อ่านเล่ม 1 มาอ่านเล่ม 2 ได้ไหม,ปีศาจ 2,TikTok,4932,4932,318.39,8.0,954.23,3.0,64.56,81.0,277.0,0.06,0.24,0.13,1,ผ่าน
Feb26,มิ้น,2025-11-27,ประโยคนี้โคตรทัชใจ,Ghostly remains,TikTok,104,104,75.85,0.0,0.0,0.0,729.33,0.0,0.0,0.0,0.14,0.02,1,ไม่มียอดขาย
Feb26,มิ้น,2025-11-28,5 ประโยคจุกอก,ปีศาจตัวนั้นคือฉัน,TikTok,1460,1460,0.11,0.0,0.0,0.0,0.08,0.0,23.0,0.02,0.19,0.11,1,ไม่มียอดขาย
Feb26,มิ้น,2025-12-01,ประโยคที่ยังเตือนสติได้ดี,ปีศาจตัวนั้นคือฉัน,TikTok,3230,3230,54.81,2.0,0.0,0.0,16.97,169.0,65.0,0.02,0.25,0.11,1,ไม่มียอดขาย
Feb26,มิ้น,2025-12-02,การ์ดทำนายดวงรายวัน,The Witches Club,TikTok,16752,16752,11.46,4.0,380.8,33.02,0.68,265.0,458.0,0.03,0.17,0.07,1,ผ่าน
Feb26,มิ้น,2025-12-04,อยากมีสักสถานที่,โอบกอด,TikTok,1672,1672,29.2,3.0,305.0,10.51,17.46,51.0,60.0,0.04,0.26,0.1,1,ผ่าน
Feb26,มิ้น,2025-12-05,หนังสือเล่มนี้ที่อยากบอกคุณว่า,ปีศาจ 2,TikTok,2243,2243,347.58,1.0,0.0,0.0,154.96,271.0,32.0,0.01,0.14,0.05,1,ไม่มียอดขาย
Feb26,มิ้น,2025-12-06,3 เหตุผล,เหนื่อยมากไหม,TikTok,639,639,119.99,0.0,0.0,0.0,187.78,0.0,4.0,0.01,0.09,0.04,1,ไม่มียอดขาย
Feb26,มิ้น,2025-12-08,12.12,รวมฮีลใจ,TikTok,719,719,2.54,0.0,0.0,0.0,3.53,0.0,17.0,0.02,0.19,0.06,1,ไม่มียอดขาย
Feb26,มิ้น,2025-12-08,12.12,รวมฮีลใจ,TikTok,33,33,0.32,0.0,0.0,0.0,9.7,0.0,1.0,0.03,0.23,0.05,1,ไม่มียอดขาย
Feb26,มิ้น,2025-12-08,12.12,รวมฮีลใจ,TikTok,756,756,5.37,0.0,0.0,0.0,7.1,0.0,10.0,0.01,0.22,0.05,1,ไม่มียอดขาย
Feb26,มิ้น,2025-12-08,12.12,รวมฮีลใจ,TikTok,106,106,65.99,0.0,0.0,0.0,622.55,0.0,1.0,0.01,0.09,0.05,1,ไม่มียอดขาย
Feb26,มิ้น,2025-12-08,12.12,รวมฮีลใจ,TikTok,0,0,0.57,0.0,0.0,0.0,,0.0,0.0,0.0,0.0,0.0,1,ไม่มียอดขาย
Feb26,มิ้น,2025-12-08,12.12,รวมฮีลใจ,TikTok,157,157,0.01,0.0,0.0,0.0,0.06,0.0,4.0,0.03,0.19,0.04,1,ไม่มียอดขาย
Feb26,มิ้น,2025-12-08,12.12,รวมฮีลใจ,TikTok,857,857,2.56,0.0,0.0,0.0,2.99,0.0,18.0,0.02,0.15,0.03,1,ไม่มียอดขาย
Feb26,มิ้น,2025-12-09,ไม่มีใครอยากสูญเสีย,ปีศาจ 2,TikTok,761,761,6.69,1.0,0.0,0.0,8.79,100.0,20.0,0.03,0.29,0.1,1,ไม่มียอดขาย
Feb26,มิ้น,2025-12-11,เคยคิดว่ายังมีเวลามากพอ,Ghostly remains,TikTok,2437,2437,32.69,1.0,0.0,0.0,13.41,303.0,56.0,0.02,0.28,0.09,1,ไม่มียอดขาย
Feb26,มิ้น,2025-12-11,ถ้าหากคุณเหนื่อยเหมือนกัน,โอบกอด,TikTok,253,253,0.05,0.0,0.0,0.0,0.2,0.0,2.0,0.01,0.23,0.06,1,ไม่มียอดขาย
Feb26,มิ้น,2025-12-12,ไม่มีเขาแล้วเราจะอยู่ยังไง,ปีศาจตัวนั้นคือฉัน,TikTok,1494,1494,4.8,1.0,0.0,0.0,3.21,200.0,27.0,0.02,0.24,0.07,1,ไม่มียอดขาย
Feb26,มิ้น,2025-12-12,ถ้าคุณเปิดมาเจอคลิปนี้,The Witches Club,TikTok,2449,2449,2.47,0.0,0.0,0.0,1.01,0.0,69.0,0.03,0.2,0.07,1,ไม่มียอดขาย
Feb26,มิ้น,2025-12-13,5 ประโยคเตือนใจก่อนสิ้นปี,ความทรงจำ,TikTok,147,147,100.66,1.0,0.0,0.0,684.76,15.0,2.0,0.01,0.24,0.09,1,ไม่มียอดขาย
Feb26,มิ้น,2025-12-15,ตอบเมนต์,โอบกอด,TikTok,339,339,0.63,1.0,0.0,0.0,1.86,15.0,13.0,0.04,0.24,0.07,1,ไม่มียอดขาย
Feb26,มิ้น,2025-12-15,นี่คือภาคต่อ ตอบคอมเมนต์,Ghostly remains,TikTok,804,804,0.99,0.0,0.0,0.0,1.23,0.0,11.0,0.01,0.14,0.04,1,ไม่มียอดขาย
Feb26,มิ้น,2025-12-16,อ่านแล้วทำน้ำตาซึม,ปีศาจ 2,TikTok,1580,1580,4.68,1.0,0.0,0.0,2.96,207.0,31.0,0.02,0.19,0.06,1,ไม่มียอดขาย
Feb26,มิ้น,2025-12-17,เพราะพรุ่งนี้อาจจะมาไม่ถึง 17/12/2568 แก้,ขอใช้ชีวิตที่เหลือเพื่อตัวเองนะ,TikTok,2748,2748,7.52,1.0,0.0,0.0,2.74,328.0,125.0,0.05,0.25,0.09,1,ไม่มียอดขาย
Feb26,มิ้น,2025-12-19,เซอร์ไพร์สครับคุณแม่,The Witches Club,TikTok,4928,4928,22.43,8.0,885.56,39.39,4.55,85.0,233.0,0.05,0.25,0.13,1,ผ่าน
Feb26,มิ้น,2025-12-19,อย่ากลัวที่จะโดดเดี่ยว,Ghostly Brews,TikTok,1039,1039,0.05,0.0,0.0,0.0,0.05,0.0,23.0,0.02,0.26,0.12,1,ไม่มียอดขาย
Feb26,มิ้น,2025-12-24,ประโยคที่ทำให้เราเชื่อ 9/1/2569,ฉันจะมีชีวิตที่ดี,TikTok,883,883,20.91,1.0,0.0,0.0,23.68,71.0,16.0,0.02,0.26,0.08,1,ไม่มียอดขาย
Feb26,มิ้น,2025-12-25,หนังสือที่ได้ไปต่อ 8/1/2569,Ghostly remains,TikTok,9220,9220,15.82,3.0,298.81,18.9,1.72,502.0,314.0,0.03,0.24,0.07,1,ผ่าน
Feb26,มิ้น,2025-12-25,บทที่ 21 9/1/2569,โอบกอด,TikTok,386,386,59.47,1.0,0.0,0.0,154.07,23.0,4.0,0.01,0.25,0.13,1,ไม่มียอดขาย
Feb26,มิ้น,2025-12-26,ชีวิตเบาลงเยอะ,ปีศาจ 2,TikTok,528,528,4.86,0.0,0.0,0.0,9.2,0.0,5.0,0.01,0.14,0.04,1,ไม่มียอดขาย
Feb26,มิ้น,2025-12-28,มีข้อความจากหนังสือเล่มหนึ่ง,ยินดีต้อนรับและขอบคุณที่กลับมา,TikTok,4036,4036,0.31,0.0,0.0,0.0,0.08,0.0,128.0,0.03,0.19,0.07,1,ไม่มียอดขาย
Feb26,มิ้น,2025-12-29,ตอบเมนต์ Book แรก 9/1/2569,Ghostly remains,TikTok,4813,4813,100.49,3.0,296.0,2.95,20.88,177.0,46.0,0.01,0.22,0.06,1,ผ่าน
Feb26,มิ้น,2025-12-29,Books เล่มแรก 9/1/2569,โอบกอด,TikTok,375,375,43.63,1.0,0.0,0.0,116.35,12.0,12.0,0.03,0.18,0.05,1,ไม่มียอดขาย
Feb26,มิ้น,2025-12-31,Boxset น่ารัก 9/1/2569,ดอกไม้เดี่ยว,TikTok,1004,1004,478.08,3.0,505.85,1.06,476.18,59.0,28.0,0.03,0.17,0.09,1,ไม่ผ่าน
Feb26,มิ้น,2026-01-09,ฟิล์มฮีลใจที่ควรอ่าน,Ghostly Brews,TikTok,806,806,59.6,2.0,0.0,0.0,73.95,18.0,11.0,0.01,0.14,0.04,1,ไม่มียอดขาย
Feb26,มิ้น,2026-01-12,เล่มนี้ที่อยากบอกว่า,ปีศาจตัวนั้นคือฉัน,TikTok,324,324,3.7,1.0,0.0,0.0,11.42,10.0,3.0,0.01,0.08,0.03,1,ไม่มียอดขาย
Feb26,มิ้น,2026-01-14,ยังคงชอบประโยคที่ว่า,ขอใช้ชีวิตที่เหลือเพื่อตัวเองนะ,TikTok,10312,10312,1004.36,15.0,1643.73,1.63,97.4,117.0,426.0,0.04,0.27,0.13,1,ไม่ผ่าน
Feb26,มิ้น,2026-01-14,ขอสารภาพก่อนเลย,The Witches Club,TikTok,698,698,240.23,8.0,1150.02,4.78,344.17,19.0,27.0,0.04,0.23,0.11,1,ผ่าน
Feb26,มิ้น,2026-01-15,บางคนตายไป,Ghostly Brews,TikTok,705,705,2.29,1.0,0.0,0.0,3.25,42.0,9.0,0.01,0.4,0.09,1,ไม่มียอดขาย
Feb26,มิ้น,2026-01-19,unboxing,กับดักความรู้สึกผิด,TikTok,5717,5717,56.64,6.0,680.8,12.03,9.91,129.0,288.0,0.05,0.29,0.08,1,ผ่าน
Feb26,มิ้น,2026-01-19,สถานะหัวใจ,Boxset สวนดอกไม้,TikTok,238,238,2.14,2.0,0.0,0.0,8.99,28.0,5.0,0.02,0.12,0.04,1,ไม่มียอดขาย
Feb26,มิ้น,2026-01-20,5 สิ่งที่ทำได้เลย,กับดักความรู้สึกผิด,TikTok,2442,2442,9.07,0.0,0.0,0.0,3.71,0.0,139.0,0.06,0.28,0.08,1,ไม่มียอดขาย
Feb26,มิ้น,2026-01-21,เป็นเพื่อนที่ดีให้ได้,ปีศาจตัวนั้นคือฉัน,TikTok,603,603,0.12,0.0,0.0,0.0,0.2,0.0,5.0,0.01,0.14,0.06,1,ไม่มียอดขาย
Feb26,มิ้น,2026-01-21,รักกันอยู่แต่ไม่เห็นอนาคตร่วมกัน,The Witches Club,TikTok,574,574,3.42,0.0,0.0,0.0,5.96,0.0,16.0,0.03,0.26,0.08,1,ไม่มียอดขาย
Feb26,มิ้น,2026-01-23,Payday,รวมฮีลใจ,TikTok,583,583,32.17,1.0,0.0,0.0,55.18,65.0,9.0,0.02,0.1,0.02,1,ไม่มียอดขาย
Feb26,มิ้น,2026-01-23,Payday,รวมฮีลใจ,TikTok,427,427,8.91,0.0,0.0,0.0,20.87,0.0,4.0,0.01,0.13,0.04,1,ไม่มียอดขาย
Feb26,มิ้น,2026-01-23,Payday,รวมฮีลใจ,TikTok,195,195,1.54,0.0,0.0,0.0,7.9,0.0,1.0,0.01,0.06,0.02,1,ไม่มียอดขาย
Feb26,มิ้น,2026-01-23,Payday,รวมฮีลใจ,TikTok,242,242,0.02,0.0,0.0,0.0,0.08,0.0,7.0,0.03,0.13,0.05,1,ไม่มียอดขาย
Feb26,มิ้น,2026-01-23,Payday,รวมฮีลใจ,TikTok,565,565,19.96,0.0,0.0,0.0,35.33,0.0,11.0,0.02,0.05,0.03,1,ไม่มียอดขาย
Feb26,มิ้น,2026-01-23,Payday,รวมฮีลใจ,TikTok,583,583,0.11,0.0,0.0,0.0,0.19,0.0,11.0,0.02,0.09,0.05,1,ไม่มียอดขาย
Feb26,มิ้น,2026-01-23,Payday,รวมฮีลใจ,TikTok,173,173,119.01,0.0,0.0,0.0,687.92,0.0,3.0,0.02,0.09,0.03,1,ไม่มียอดขาย
Feb26,มิ้น,2026-01-23,Payday,รวมฮีลใจ,TikTok,404,404,0.81,0.0,0.0,0.0,2.0,0.0,13.0,0.03,0.1,0.06,1,ไม่มียอดขาย
Feb26,มิ้น,2026-01-27,ประโยคที่โคตรจริง,ปีศาจ 2,TikTok,2598,2598,10.4,2.0,0.0,0.0,4.0,206.0,105.0,0.04,0.22,0.07,1,ไม่มียอดขาย
Feb26,มิ้น,2026-01-27,แนะนำหนังสือใหม่,กับดักความรู้สึกผิด,TikTok,1336,1336,1.88,1.0,0.0,0.0,1.41,136.0,24.0,0.02,0.2,0.05,1,ไม่มียอดขาย
Feb26,มิ้น,2026-01-29,ความผิดหวังเป็นส่วนหนึ่งของชีวิต,The Witches Club,TikTok,607,607,7.76,2.0,0.0,0.0,12.78,35.0,6.0,0.01,0.23,0.06,1,ไม่มียอดขาย
Feb26,มิ้น,2026-01-30,คุณเคยโทษตัวเองไหม,กับดักความรู้สึกผิด,TikTok,2131,2131,118.07,4.0,626.83,5.3,55.41,96.0,65.0,0.03,0.33,0.08,1,ผ่าน
Feb26,มิ้น,2026-01-30,5 คำเตือน,กว่าจะคิดได้,TikTok,1441,1441,2.34,1.0,0.0,0.0,1.62,139.0,42.0,0.03,0.29,0.08,1,ไม่มียอดขาย
Feb26,มิ้น,2026-01-30,รางวัลนายอินทร์,Ghostly remains,TikTok,876,876,1.94,0.0,0.0,0.0,2.21,0.0,6.0,0.01,0.34,0.08,1,ไม่มียอดขาย
Feb26,มิ้น,2026-02-02,มนุษย์ที่เป็นคนดี,กับดักความรู้สึกผิด,TikTok,761428,761428,93256.95,463.0,171838.67,1.84,122.48,201.0,11683.0,0.02,0.48,0.17,1,ไม่ผ่าน
Feb26,มิ้น,2026-02-03,ตัวอย่างจากหนังสือ,ฉันจะมีชีวิตที่ดี,TikTok,1722,1722,2.12,1.0,0.0,0.0,1.23,181.0,35.0,0.02,0.3,0.06,1,ไม่มียอดขาย
Feb26,มิ้น,2026-02-05,ชนแล้วหนี,Ghostly remains,TikTok,10365,10365,222.24,2.0,0.0,0.0,21.44,759.0,317.0,0.03,0.45,0.11,1,ไม่มียอดขาย
Feb26,มิ้น,2026-02-07,คนดีชอบแบกความหวัง,กับดักความรู้สึกผิด,TikTok,5594,5594,680.35,15.0,2052.21,3.01,121.62,69.0,88.0,0.02,0.38,0.11,1,ผ่าน
Feb26,มิ้น,2026-02-10,5/5,เหนื่อยมากไหม,TikTok,306,306,109.66,2.0,264.0,2.41,358.37,11.0,3.0,0.01,0.16,0.04,1,ไม่ผ่าน
Feb26,มิ้น,2026-02-10,นี่ไม่ใช่แค่หนังสือ,กว่าจะคิดได้,TikTok,1025,1025,53.29,0.0,0.0,0.0,51.99,0.0,13.0,0.01,0.21,0.05,1,ไม่มียอดขาย
Feb26,มิ้น,2026-02-12,2 หนังสือ,Ghostly Brews,TikTok,1844,1844,416.88,2.0,0.0,0.0,226.07,112.0,25.0,0.01,0.16,0.05,1,ไม่มียอดขาย
Feb26,มิ้น,2026-02-12,2 หนังสือ,Ghostly Brews,TikTok,815,815,12.11,1.0,0.0,0.0,14.86,62.0,22.0,0.03,0.18,0.07,1,ไม่มียอดขาย
Feb26,มิ้น,2026-02-16,ประโยคโคตรฮีลใจ,ยินดีต้อนรับและขอบคุณที่กลับมา,TikTok,5744,5744,2.67,1.0,0.0,0.0,0.46,1158.0,201.0,0.04,0.32,0.12,1,ไม่มียอดขาย
Feb26,มิ้น,2026-02-16,ด้อมส้ม,Boxset คาปิบาร่า,TikTok,334,334,0.21,0.0,0.0,0.0,0.63,0.0,3.0,0.01,0.18,0.05,1,ไม่มียอดขาย
Feb26,มิ้น,2026-02-17,พ่อแม่เสียสละ,ปีศาจ 2,TikTok,1271,1271,2.15,1.0,0.0,0.0,1.69,85.0,30.0,0.02,0.32,0.13,1,ไม่มียอดขาย
Feb26,มิ้น,2026-02-19,แมวที่ฉันเลี้ยงหายไป,Ghostly Brews,TikTok,1217,1217,1.22,0.0,0.0,0.0,1.0,0.0,26.0,0.02,0.3,0.06,1,ไม่มียอดขาย
Feb26,มิ้น,2026-02-24,5 วิธีรับมือ,กับดักความรู้สึกผิด,TikTok,2103,2103,54.13,3.0,299.0,5.5,25.74,63.0,20.0,0.01,0.34,0.09,1,ผ่าน
Feb26,มิ้น,2026-02-24,Payday,รวมฮีลใจ,TikTok,242,242,5.16,1.0,0.0,0.0,21.32,15.0,5.0,0.02,0.07,0.03,1,ไม่มียอดขาย
Feb26,มิ้น,2026-02-24,Payday,รวมฮีลใจ,TikTok,544,544,35.72,1.0,0.0,0.0,65.66,46.0,3.0,0.01,0.05,0.01,1,ไม่มียอดขาย
Feb26,มิ้น,2026-02-24,Payday,รวมฮีลใจ,TikTok,0,0,2.23,0.0,0.0,0.0,,0.0,0.0,0.0,0.0,0.0,1,ไม่มียอดขาย
Feb26,มิ้น,2026-02-24,Payday,รวมฮีลใจ,TikTok,145,145,2.34,0.0,0.0,0.0,16.14,0.0,0.0,0.0,0.05,0.0,1,ไม่มียอดขาย
Feb26,มิ้น,2026-02-24,Payday,รวมฮีลใจ,TikTok,95,95,2.85,0.0,0.0,0.0,30.0,0.0,0.0,0.0,0.02,0.02,1,ไม่มียอดขาย
Feb26,มิ้น,2026-02-24,Payday,รวมฮีลใจ,TikTok,94,94,1.54,0.0,0.0,0.0,16.38,0.0,0.0,0.0,0.04,0.03,1,ไม่มียอดขาย
Feb26,มิ้น,2026-02-24,Payday,รวมฮีลใจ,TikTok,217,217,0.14,0.0,0.0,0.0,0.65,0.0,1.0,0.0,0.14,0.05,1,ไม่มียอดขาย
Feb26,มิ้น,2026-02-25,นี่คือหนังสือพิธา,ปีศาจ 2,TikTok,5018,5018,0.04,0.0,0.0,0.0,0.01,0.0,381.0,0.08,0.5,0.13,1,ไม่มียอดขาย
Feb26,มิ้น,2026-02-27,ปริมาณของเพื่อน,The Witches Club,TikTok,2472,2472,0.44,0.0,0.0,0.0,0.18,0.0,86.0,0.03,0.47,0.1,1,ไม่มียอดขาย
Feb26,ริว,2025-08-22,เสียดาย,Ghostly Brews,Meta,36258,54492,5379.78,27.0,8272.0,1.54,98.73,199.25,,,,,16,ไม่ผ่าน
Feb26,ริว,2025-09-29,E-Book,Ghostly Brews,Meta,3706,4465,218.63,1.0,359.0,1.64,48.97,218.63,,,,,7,ไม่ผ่าน
Feb26,ริว,2025-10-06,มีประโยคในหนังสือ,The Witches' Club,Meta,192480,230754,1891.5,0.0,0.0,0.0,8.2,,,,,,8,ไม่มียอดขาย
Feb26,ริว,2025-10-11,ปุณณ์วัฒน์,Ghostly Brews,Meta,12628,17771,3426.88,25.0,5770.0,1.68,192.84,137.08,,,,,9,ไม่ผ่าน
Feb26,ริว,2025-10-31,อ่านแล้วหายเหนื่อย,เหนื่อยมากไหม พักก่อนก็ได้นะ,Meta,4099,4382,120.46,0.0,0.0,0.0,27.49,,,,,,9,ไม่มียอดขาย
Feb26,ริว,2025-12-03,แม่อยากให้ลูกมีอนาคตที่ดี,Ghostly Remains,Meta,3748,4960,581.69,0.0,0.0,0.0,117.28,,,,,,4,ไม่มียอดขาย
Feb26,ริว,2026-01-16,นี่ไม่ใช่ไพ่ทำนายดวง,The Witches' Club,Meta,7136,8809,1260.67,2.0,998.0,0.79,143.11,630.34,,,,,3,ไม่ผ่าน
Feb26,ริว,2026-01-16,ประโยคเดียว,The Witches' Club,Meta,120384,166304,17365.48,46.0,27121.0,1.56,104.42,377.51,,,,,7,ไม่ผ่าน
Feb26,ริว,2026-01-23,ป้ายยา,Ghostly Remains,Meta,3863,5489,334.82,0.0,0.0,0.0,61.0,,,,,,1,ไม่มียอดขาย
Feb26,ริว,2026-01-23,พรุ่งนี้ใกล้ความตาย,Ghostly Brews,Meta,2245,2576,444.3,0.0,0.0,0.0,172.48,,,,,,1,ไม่มียอดขาย
Feb26,ริว,2026-01-23,เครียดก็เปิดไพ่,The Witches' Club,Meta,35626,40850,2412.7,4.0,2287.0,0.95,59.06,603.18,,,,,4,ไม่ผ่าน
Feb26,ริว,2026-01-30,ถ้าคนที่เรารัก,Ghostly Brews,Meta,3513,4244,415.42,0.0,0.0,0.0,97.88,,,,,,1,ไม่มียอดขาย
Feb26,ริว,2026-01-30,อ่านแล้วหายเหนื่อย,เหนื่อยมากไหม พักก่อนก็ได้นะ,Meta,5428,6246,327.63,0.0,0.0,0.0,52.45,,,,,,1,ไม่มียอดขาย
Feb26,ริว,2026-02-01,สุขภาพจิตพัง,กับดักความรู้สึกผิด,Meta,5579,8862,1237.75,4.0,1636.0,1.32,139.67,309.44,,,,,1,ไม่ผ่าน
Feb26,ริว,2026-02-05,Boxset ลายเซ็น,The Witches' Club,Meta,17807,26113,2929.51,10.0,6511.0,2.22,112.19,292.95,,,,,2,ไม่ผ่าน
Feb26,ริว,2026-02-06,อกตัญญู,กับดักความรู้สึกผิด,Meta,7801,10652,1933.65,7.0,3243.0,1.68,181.53,276.24,,,,,1,ไม่ผ่าน
Feb26,ริว,2026-02-11,ภาคต่อ 359.- ส่งฟรี,Ghostly Remains,Meta,4010,6473,687.41,1.0,759.0,1.1,106.2,687.41,,,,,2,ไม่ผ่าน
Feb26,ริว,2026-02-12,คนดีมักรู้สึกผิด,กับดักความรู้สึกผิด,Meta,247707,367276,22139.69,78.0,34863.0,1.57,60.28,283.84,,,,,6,ไม่ผ่าน
Feb26,ริว,2026-02-12,ยอดขาย 10000 เล่ม,The Witches' Club,Meta,8342,12846,825.43,0.0,0.0,0.0,64.26,,,,,,1,ไม่มียอดขาย
Feb26,ริว,2026-02-12,รักคนอื่น,กับดักความรู้สึกผิด,Meta,131696,188931,25230.87,99.0,43085.0,1.71,133.55,254.86,,,,,6,ไม่ผ่าน
Feb26,ริว,2026-02-12,รักคนอื่น (สัมภาษณ์หมอ),กับดักความรู้สึกผิด,Meta,13295,18384,1279.56,4.0,1327.0,1.04,69.6,319.89,,,,,1,ไม่ผ่าน
Feb26,ริว,2026-02-12,รางวัล,Ghostly Brews,Meta,2899,4803,388.38,0.0,0.0,0.0,80.86,,,,,,2,ไม่มียอดขาย
Feb26,ริว,2026-02-12,หากกำลังโทษตัวเอง,กับดักความรู้สึกผิด,Meta,29718,34096,303.34,0.0,0.0,0.0,8.9,,,,,,1,ไม่มียอดขาย
Feb26,ริว,2026-02-12,แม่ไม่ให้มีแฟน,กับดักความรู้สึกผิด,Meta,6011,8467,2118.82,5.0,2595.0,1.22,250.24,423.76,,,,,1,ไม่ผ่าน
Feb26,ริว,2026-02-13,การมีชีวิตอยู่อย่างโดดเดี่ยว,Ghostly Brews,Meta,30731,42779,2071.13,8.0,2424.0,1.17,48.41,258.89,,,,,2,ไม่ผ่าน
Feb26,ริว,2026-02-16,คนดีไม่มีความสุข,กับดักความรู้สึกผิด,Meta,2626,3491,520.75,0.0,0.0,0.0,149.17,,,,,,1,ไม่มียอดขาย
Feb26,ริว,2026-02-16,คนรักแอบคุยกับแฟนเก่า,กับดักความรู้สึกผิด,Meta,4477,7126,1388.37,1.0,738.0,0.53,194.83,1388.37,,,,,1,ไม่ผ่าน
Feb26,ริว,2026-02-16,ปล่อยทุกความเจ็บปวด,Ghostly Remains,Meta,4131,5288,370.99,0.0,0.0,0.0,70.16,,,,,,1,ไม่มียอดขาย
Feb26,ริว,2026-02-16,รีสต็อก,Ghostly Brews,Meta,11377,32123,1722.55,3.0,1717.0,1.0,53.62,574.18,,,,,2,ไม่ผ่าน
Feb26,ริว,2026-02-18,สีหมอก,Ghostly Brews,Meta,1763,2300,268.19,0.0,0.0,0.0,116.6,,,,,,1,ไม่มียอดขาย
Feb26,ริว,2026-02-23,มนุษย์ที่เป็นคนดี,กับดักความรู้สึกผิด,Meta,5941,7474,1225.61,2.0,858.0,0.7,163.98,612.8,,,,,1,ไม่ผ่าน
Feb26,ริว,2026-02-23,แม่คือคนรับผิดชอบ,กับดักความรู้สึกผิด,Meta,23284,31924,4452.3,17.0,9193.0,2.06,139.47,261.9,,,,,10,ไม่ผ่าน
Feb26,ริว,2026-02-24,ป้ายยา,The Witches' Club,Meta,3325,4642,460.17,1.0,499.0,1.08,99.13,460.17,,,,,1,ไม่ผ่าน
Feb26,ริว,2026-02-24,ภาคต่อ,Ghostly Remains,Meta,8037,12870,1076.84,2.0,2028.0,1.88,83.67,538.42,,,,,1,ไม่ผ่าน
Feb26,ริว,2026-02-25,อย่ารอ,Ghostly Brews,Meta,3725,4311,731.86,3.0,1418.0,1.94,169.77,243.95,,,,,2,ไม่ผ่าน
Feb26,ริว,2026-02-26,คุยกันทุกวันไม่มีสถานะ,All Product,Meta,576,725,142.41,0.0,0.0,0.0,196.43,,,,,,1,ไม่มียอดขาย
Feb26,ริว,,ริวมีชีวิตอยู่อย่างโดดเดี่ยว,Ghostly Brews,TikTok,972736,972736,14600.04,339.0,35172.02,2.41,15.01,188.0,13891.0,0.01,0.3,0.09,1,ไม่ผ่าน
Feb26,ริว,,ริวผลงานภาคต่อ,remains,TikTok,25181,25181,1064.98,18.0,3231.29,3.04,42.29,168.0,303.0,0.01,0.14,0.06,1,ผ่าน
Feb26,ริว,,ริวนี่ไม่ใช่ไพ่ทำนายดวง,The Witches Club,TikTok,1629,1629,634.28,12.0,2352.14,3.72,389.37,45.0,42.0,0.03,0.27,0.11,1,ผ่าน
Feb26,ริว,,ริว…เรากลัว,ปีศาจตัวนั้นคือฉัน,TikTok,32889,32889,1029.81,19.0,2240.21,2.17,31.31,146.0,1925.0,0.06,0.36,0.13,1,ไม่ผ่าน
Feb26,ริว,,ประโยคที่ทำให้ไม่กลัวความผิดพลาด,Boxset The Witches Club,TikTok,936,936,433.94,5.0,1054.68,2.43,463.61,56.0,21.0,0.02,0.28,0.1,1,ไม่ผ่าน
Feb26,ริว,,ริวเปิดตัวปีศาจ 2,ปีศาจตัวนั้นคือฉันเอง2,TikTok,1804,1804,451.08,9.0,955.47,2.12,250.04,41.0,44.0,0.02,0.14,0.05,1,ไม่ผ่าน
Feb26,ริว,,ริวป้ายยา,Boxset The Witches Club,TikTok,393,393,175.79,5.0,810.58,4.63,447.3,13.0,9.0,0.02,0.16,0.07,1,ผ่าน
Feb26,ริว,,ริว(ไม่)นอกใจ,ปีศาจตัวนั้นคือฉัน,TikTok,8741,8741,56.98,7.0,719.0,12.61,6.52,92.0,220.0,0.03,0.33,0.14,1,ผ่าน
Feb26,ริว,,ริวอย่าพูดแย่ ๆ กับตัวเองเลย,Boxset The Witches Club,TikTok,118,118,100.0,4.0,598.19,6.0,847.46,6.0,0.0,0.0,0.19,0.06,1,ผ่าน
Feb26,ริว,,ริวประโยคจุกอก,remains,TikTok,2088,2088,60.93,5.0,564.17,9.23,29.18,62.0,31.0,0.01,0.12,0.06,1,ผ่าน
Feb26,ริว,,ริวสุขภาพจิตพัง,กับดักความรู้สึกผิด,TikTok,9018,9018,46.22,4.0,350.78,7.45,5.13,391.0,274.0,0.03,0.33,0.09,1,ผ่าน
Feb26,ริว,,ริวอยู่คนเดียวไม่ได้แปลว่าโดดเดียว,Ghostly Brews,TikTok,4501,4501,88.17,3.0,350.3,3.97,19.59,186.0,47.0,0.01,0.24,0.06,1,ผ่าน
Feb26,ริว,,ริว 5 เรื่องการเงิน,ความลับสู่เงินล้านที่โรงเรียนไม่เคยสอน,TikTok,1550,1550,263.1,3.0,348.31,1.33,169.74,30.0,23.0,0.01,0.17,0.07,1,ไม่ผ่าน
Feb26,ริว,,ริวชื่อที่ฟังดูน่ากลัว,ปีศาจตัวนั้นคือฉัน,TikTok,720,720,62.84,4.0,329.0,5.25,87.28,8.0,11.0,0.02,0.14,0.05,1,ผ่าน
Feb26,ริว,,ริวใช้เวลาครึ่งชีวิต,ฉันจะมีชีวิตที่ดี,TikTok,169,169,31.59,2.0,302.18,9.39,186.92,24.0,1.0,0.01,0.18,0.08,1,ผ่าน
Feb26,ริว,,ริวผิดตรงไหน,โอบกอดความไม่สมบูรณ์ของเธอ,TikTok,614,614,288.39,4.0,299.0,1.04,469.69,11.0,18.0,0.03,0.2,0.07,1,ไม่ผ่าน
Feb26,ริว,,ริวป้ายยา,Boxset The Witches Club,TikTok,1026,1026,183.0,1.0,298.04,1.65,178.36,28.0,7.0,0.01,0.11,0.03,1,ไม่ผ่าน
Feb26,ริว,,ริวไม่ได้น่ารักแค่ปก,ยินดีต้อนรับและขอบคุณที่กลับมา,TikTok,2770,2770,0.24,4.0,289.47,1220.88,0.09,80.0,62.0,0.02,0.21,0.08,1,ผ่าน
Feb26,ริว,,ริวไพ่ทำนายดวง,Boxset The Witches Club,TikTok,1294,1294,307.53,2.0,0.0,0.0,237.66,139.0,39.0,0.03,0.21,0.12,1,ไม่มียอดขาย
Feb26,ริว,,ริวอ่านแล้วโคตรจริง,ปีศาจตัวนั้นคือฉัน,TikTok,568,568,29.88,2.0,0.0,0.0,52.61,11.0,7.0,0.01,0.11,0.04,1,ไม่มียอดขาย
Feb26,ริว,,ริวเครียดก็เปิดไพ่,The Witches Club,TikTok,815,815,48.1,1.0,0.0,0.0,59.02,82.0,25.0,0.03,0.18,0.09,1,ไม่มียอดขาย
Feb26,ริว,,ริวไกลบ้าน,ยินดีต้อนรับและขอบคุณที่กลับมา,TikTok,5301,5301,375.44,1.0,0.0,0.0,70.82,488.0,92.0,0.02,0.19,0.06,1,ไม่มียอดขาย
Feb26,ริว,,ริวยังไม่ดีพอ (ไม่เป็นความจริงแต่อย่างใด),ปีศาจตัวนั้นคือฉันเอง2,TikTok,5300,5300,12.31,1.0,0.0,0.0,2.32,672.0,167.0,0.03,0.28,0.11,1,ไม่มียอดขาย
Feb26,ริว,,ไม่โลกจะใจร้ายกับคุณแค่ไหน,ขอใช้ชีวิตที่เหลือเพื่อตัวเองนะ,TikTok,335,335,3.47,1.0,0.0,0.0,10.36,36.0,0.0,0.0,0.16,0.04,1,ไม่มียอดขาย
Feb26,ริว,,ริวหนังสือที่ได้รับการเสนอชื่อเข้าชิงรางวัล,Ghostly Brews,TikTok,1512,1512,1.2,1.0,0.0,0.0,0.79,114.0,23.0,0.02,0.17,0.05,1,ไม่มียอดขาย
Feb26,ริว,,ริวงานศพ,Ghostly Brews,TikTok,2580,2580,113.97,1.0,0.0,0.0,44.17,227.0,77.0,0.03,0.4,0.08,1,ไม่มียอดขาย
Feb26,ริว,,ริวไม่ได้เจ็บเพราะโลกใจร้าย,ปีศาจตัวนั้นคือฉัน,TikTok,657,657,0.03,1.0,0.0,0.0,0.05,11.0,5.0,0.01,0.09,0.03,1,ไม่มียอดขาย
Feb26,ริว,,ริวนาทีทอง,Ghostly Brews,TikTok,833,833,2.51,1.0,0.0,0.0,3.01,32.0,13.0,0.02,0.17,0.06,1,ไม่มียอดขาย
Feb26,ริว,,ริวใจไม่ถึงอย่าอ่าน,กว่าจะคิดได้ ก็ไม่มีลมหายใจแล้ว,TikTok,3200,3200,2.29,0.0,0.0,0.0,0.72,0.0,134.0,0.04,0.3,0.07,1,ไม่มียอดขาย
Feb26,ริว,,ริวคนรักแอบคุยกับแฟนเก่า,ปีศาจตัวนั้นคือฉันเอง2,TikTok,509,509,8.12,0.0,0.0,0.0,15.95,0.0,9.0,0.02,0.33,0.12,1,ไม่มียอดขาย
Feb26,ริว,,ริวรางวัล,Ghostly Brews,TikTok,703,703,0.29,0.0,0.0,0.0,0.41,0.0,7.0,0.01,0.13,0.03,1,ไม่มียอดขาย
Feb26,ริว,,ริวความสัมพันธ์เป็นพิษ,โอบกอดความไม่สมบูรณ์ของเธอ,TikTok,1184,1184,1.86,0.0,0.0,0.0,1.57,0.0,42.0,0.04,0.27,0.09,1,ไม่มียอดขาย
Feb26,ริว,,ริวรีวิว,remains,TikTok,2145,2145,6.02,0.0,0.0,0.0,2.81,0.0,46.0,0.02,0.13,0.04,1,ไม่มียอดขาย
Feb26,ริว,,ริวลดเหลือ,Ghostly Brews,TikTok,1128,1128,0.87,0.0,0.0,0.0,0.77,0.0,17.0,0.02,0.15,0.05,1,ไม่มียอดขาย
Feb26,ริว,,ริวหนักมากไหมลูก,remains,TikTok,133,133,4.51,0.0,0.0,0.0,33.91,0.0,2.0,0.01,0.25,0.12,1,ไม่มียอดขาย
Feb26,ริว,,ริวหนังสือฮีลใจแห่งปี,remains,TikTok,0,0,0.44,0.0,0.0,0.0,,0.0,0.0,0.0,0.0,0.0,1,ไม่มียอดขาย
Feb26,ริว,,ริวเป็นหนังสือเล่มเดียว,โอบกอดความไม่สมบูรณ์ของเธอ,TikTok,0,0,0.32,0.0,0.0,0.0,,0.0,0.0,0.0,0.0,0.0,1,ไม่มียอดขาย
Feb26,ริว,,ริวหนังสือเรียกน้ำตา,remains,TikTok,57,57,0.07,0.0,0.0,0.0,1.23,0.0,1.0,0.02,0.16,0.05,1,ไม่มียอดขาย
Feb26,ริว,,ริว(ไม่)ยอมลดคุณค่าตัวเอง,ปีศาจตัวนั้นคือฉัน,TikTok,76,76,75.23,0.0,0.0,0.0,989.87,0.0,0.0,0.0,0.18,0.08,1,ไม่มียอดขาย
Feb26,ริว,,ริวกลับมาอีกครั้ง,remains,TikTok,142,142,6.12,0.0,0.0,0.0,43.1,0.0,4.0,0.03,0.15,0.07,1,ไม่มียอดขาย
Feb26,ริว,,ริวป้ายยา,remains,TikTok,0,0,26.62,0.0,0.0,0.0,,0.0,0.0,0.0,0.0,0.0,1,ไม่มียอดขาย
Feb26,ริว,,ริวเหนื่อยมากไหมลูก,remains,TikTok,0,0,0.08,0.0,0.0,0.0,,0.0,0.0,0.0,0.0,0.0,1,ไม่มียอดขาย
Feb26,ริว,,ริว9.9/10,remains,TikTok,0,0,0.01,0.0,0.0,0.0,,0.0,0.0,0.0,0.0,0.0,1,ไม่มียอดขาย
Feb26,ริว,,ริวแค่ประโยคเดียว ทำให้ปล่อยวาง,remains,TikTok,0,0,0.02,0.0,0.0,0.0,,0.0,0.0,0.0,0.0,0.0,1,ไม่มียอดขาย
Feb26,ริว,,ริวถ้าคืนนี้เป็นวันสุดท้ายของพ่อแม่,Ghostly Brews,TikTok,0,0,0.39,0.0,0.0,0.0,,0.0,0.0,0.0,0.0,0.0,1,ไม่มียอดขาย
Feb26,ริว,,ริว1000/10,เหนื่อยมากไหม พักก่อนก็ได้นะวันนี้,TikTok,0,0,13.52,0.0,0.0,0.0,,0.0,0.0,0.0,0.0,0.0,1,ไม่มียอดขาย
Feb26,ริว,,ริวแค่หนังสือ,เหนื่อยมากไหม พักก่อนก็ได้นะวันนี้,TikTok,0,0,13.71,0.0,0.0,0.0,,0.0,0.0,0.0,0.0,0.0,1,ไม่มียอดขาย
Feb26,ริว,,ริวไม่มีความเศร้าไหน เทียบเท่าการสูญเสียครอบครัว,ปีศาจตัวนั้นคือฉันเอง2,TikTok,0,0,1.08,0.0,0.0,0.0,,0.0,0.0,0.0,0.0,0.0,1,ไม่มียอดขาย
Feb26,ริว,,ริวโตขึ้น พ่อแม่แก่ตัวลง,ปีศาจตัวนั้นคือฉันเอง2,TikTok,0,0,0.01,0.0,0.0,0.0,,0.0,0.0,0.0,0.0,0.0,1,ไม่มียอดขาย
Feb26,ริว,,คะแนน 9.9/10,Ghostly Brews,TikTok,0,0,7.72,0.0,0.0,0.0,,0.0,0.0,0.0,0.0,0.0,1,ไม่มียอดขาย
Feb26,ริว,,เล่มนี้เหมาะกับคนที่...,เหนื่อยมากไหม พักก่อนก็ได้นะวันนี้,TikTok,0,0,1.04,0.0,0.0,0.0,,0.0,0.0,0.0,0.0,0.0,1,ไม่มียอดขาย
Feb26,ริว,,ประโยคที่อ่านแล้วจุกอกในใจ,เหนื่อยมากไหม พักก่อนก็ได้นะวันนี้,TikTok,0,0,2.8,0.0,0.0,0.0,,0.0,0.0,0.0,0.0,0.0,1,ไม่มียอดขาย
Feb26,ริว,,แค่หนังสือเล่มเดียว จะร้องไห้ทำไม,เหนื่อยมากไหม พักก่อนก็ได้นะวันนี้,TikTok,0,0,41.67,0.0,0.0,0.0,,0.0,0.0,0.0,0.0,0.0,1,ไม่มียอดขาย
Feb26,ริว,,แค่อ่านชื่อหน้าปก ก็เหมือนโดนปลอบแล้วอะ,เหนื่อยมากไหม พักก่อนก็ได้นะวันนี้,TikTok,0,0,13.73,0.0,0.0,0.0,,0.0,0.0,0.0,0.0,0.0,1,ไม่มียอดขาย
Feb26,ริว,,อ่านหนังสือเล่มนี้จึงเข้าใจว่า,เหนื่อยมากไหม พักก่อนก็ได้นะวันนี้,TikTok,0,0,389.13,0.0,0.0,0.0,,0.0,0.0,0.0,0.0,0.0,1,ไม่มียอดขาย
Feb26,ริว,,7.7 ลดกระหน่ำ,,TikTok,0,0,4.09,0.0,0.0,0.0,,0.0,0.0,0.0,0.0,0.0,1,ไม่มียอดขาย
Feb26,ริว,,7.7 ลดกระหน่ำ,,TikTok,0,0,27.32,0.0,0.0,0.0,,0.0,0.0,0.0,0.0,0.0,1,ไม่มียอดขาย
Feb26,ริว,01/01/2569,ริวความตายคือความว่างเปล่า,โอบกอดความไม่สมบูรณ์ของเธอ,TikTok,1401,1401,4.92,1.0,0.0,0.0,3.51,120.0,35.0,0.03,0.2,0.08,1,ไม่มียอดขาย
Feb26,ริว,01/04/2569,ริวหายเหนื่อย,เหนื่อยมากไหม พักก่อนก็ได้นะวันนี้,TikTok,1541,1541,4.3,1.0,0.0,0.0,2.79,63.0,21.0,0.01,0.14,0.06,1,ไม่มียอดขาย
Feb26,ริว,01/12/2569,ริวผู้คนหล่นหาย,โอบกอดความไม่สมบูรณ์ของเธอ,TikTok,2586,2586,138.24,2.0,0.0,0.0,53.46,76.0,105.0,0.04,0.28,0.11,1,ไม่มียอดขาย
Feb26,ริว,01/13/2569,ริวจินตนาการ,ปีศาจตัวนั้นคือฉัน,TikTok,1762,1762,13.1,2.0,0.0,0.0,7.43,66.0,59.0,0.03,0.24,0.07,1,ไม่มียอดขาย
Feb26,ริว,01/16/2569,ริวปล่อยทุกความเจ็บปวด,remains,TikTok,1466,1466,3.2,0.0,0.0,0.0,2.18,0.0,8.0,0.01,0.16,0.05,1,ไม่มียอดขาย
Feb26,ริว,01/19/2569,ริวการมีชีวิตอยู่อย่างโดดเดี่ยว,Ghostly Brews,TikTok,593,593,0.8,0.0,0.0,0.0,1.35,0.0,2.0,0.0,0.19,0.06,1,ไม่มียอดขาย
Feb26,ริว,01/21/2569,ริวแม้ไม่มีโอกาส,ปีศาจตัวนั้นคือฉันเอง2,TikTok,660,660,36.25,1.0,0.0,0.0,54.92,36.0,9.0,0.01,0.27,0.09,1,ไม่มียอดขาย
Feb26,ริว,01/24/2569,ริวหนังสือจากแพทย์,กับดักความรู้สึกผิด,TikTok,1402,1402,219.51,9.0,1532.33,6.95,156.57,27.0,28.0,0.02,0.2,0.06,1,ผ่าน
Feb26,ริว,01/26/2569,ริวภาคต่อ,remains,TikTok,1511,1511,31.71,1.0,250.0,7.96,20.99,207.0,19.0,0.01,0.13,0.05,1,ผ่าน
Feb26,ริว,01/29/2569,ริวหากกำลังโทษตัวเอง,โอบกอดความไม่สมบูรณ์ของเธอ,TikTok,1105,1105,52.71,2.0,0.0,0.0,47.7,27.0,20.0,0.02,0.19,0.07,1,ไม่มียอดขาย
Feb26,ริว,02/02/2569,ริวคาปิบาร่าชูนิ้วกลาง,Boxset คาปิบาร่า,TikTok,504,504,5.04,0.0,0.0,0.0,10.0,0.0,12.0,0.02,0.17,0.08,1,ไม่มียอดขาย
Feb26,ริว,02/03/2569,ริวอย่าคิดไปเอง,ปีศาจตัวนั้นคือฉัน,TikTok,9266,9266,1158.12,3.0,323.0,0.28,124.99,27.0,42.0,0.0,0.26,0.04,1,ไม่ผ่าน
Feb26,ริว,02/04/2569,ริวอกตัญญู (สัมภาษณ์นักเขียน),กับดักความรู้สึกผิด,TikTok,18634,18634,20.28,14.0,1802.0,89.53,1.09,183.0,314.0,0.02,0.37,0.1,1,ผ่าน
Feb26,ริว,02/05/2569,ริวรักคนอื่น (สัมภาษณ์นักเขียน),กับดักความรู้สึกผิด,TikTok,18648,18648,563.71,17.0,2087.69,3.7,30.23,188.0,481.0,0.03,0.32,0.1,1,ผ่าน
Feb26,ริว,02/06/2569,ริวแม่ไม่ให้มีแฟน,กับดักความรู้สึกผิด,TikTok,1210,1210,0.43,1.0,0.0,0.0,0.36,103.0,28.0,0.02,0.43,0.1,1,ไม่มียอดขาย
Feb26,ริว,02/10/2569,ริวคนดีมักรู้สึกผิด,กับดักความรู้สึกผิด,TikTok,32963,32963,621.84,23.0,2921.78,4.72,18.86,185.0,916.0,0.03,0.37,0.14,1,ผ่าน
Feb26,ริว,02/12/2569,ริวคนดีไม่มีความสุข,กับดักความรู้สึกผิด,TikTok,22221,22221,4117.93,22.0,2536.56,0.61,185.32,157.0,871.0,0.04,0.39,0.1,1,ไม่ผ่าน
Feb26,ริว,02/13/2569,ริวภาคต่อ,remains,TikTok,2848,2848,0.32,1.0,0.0,0.0,0.11,263.0,19.0,0.01,0.13,0.04,1,ไม่มียอดขาย
Feb26,ริว,02/14/2569,ริวอยากมีชีวิตที่ดี,ฉันจะมีชีวิตที่ดี,TikTok,959,959,61.25,3.0,590.48,9.69,63.87,34.0,28.0,0.03,0.17,0.06,1,ผ่าน
Feb26,ริว,02/17/2569,ริวมนุษย์ที่เป็นคนดี,กับดักความรู้สึกผิด,TikTok,15853,15853,422.73,6.0,628.84,1.49,26.67,113.0,218.0,0.01,0.37,0.08,1,ไม่ผ่าน
Feb26,ริว,02/19/2569,ริวเปลี่ยนแปลง,ทุกความทรงจำคือของขวัญจากวันวาน,TikTok,3045,3045,32.91,2.0,0.0,0.0,10.81,239.0,97.0,0.03,0.29,0.11,1,ไม่มียอดขาย
Feb26,ริว,02/20/2569,ริวควรอ่าน,ปีศาจตัวนั้นคือฉัน,TikTok,4279,4279,48.66,5.0,533.0,10.95,11.37,99.0,150.0,0.04,0.19,0.08,1,ผ่าน
Feb26,ริว,02/26/2569,ริวรักคนอื่น,กับดักความรู้สึกผิด,TikTok,3561,3561,46.4,3.0,289.47,6.24,13.03,150.0,94.0,0.03,0.3,0.11,1,ผ่าน
Feb26,ริว,2025-05-20,หนังสือที่จะทำให้กลับมารักตัวเอง,ปีศาจตัวนั้นคือฉัน,TikTok,13684,13684,1282.34,24.0,2819.59,2.2,93.71,69.0,566.0,0.04,0.16,0.08,1,ไม่ผ่าน
Feb26,ริว,2025-06-06,จะเป็นยังไง ถ้าคุณต้องไปเป็นที่ปรึกษาให้ดวงวิญญาณ,Ghostly Brews,TikTok,389,389,15.77,2.0,0.0,0.0,40.54,11.0,4.0,0.01,0.21,0.06,1,ไม่มียอดขาย
Feb26,ริว,2025-06-10,หนังสือฮีลใจแห่งปี,Ghostly Brews,TikTok,12211,12211,66.33,6.0,600.25,9.01,5.43,225.0,299.0,0.02,0.16,0.06,1,ผ่าน
Feb26,ริว,2025-06-17,หนังสือที่เล่นกับใจคนอ่านมากที่สุด,Ghostly Brews,TikTok,10681,10681,807.09,5.0,646.0,0.8,75.56,137.0,258.0,0.02,0.16,0.08,1,ไม่ผ่าน
Feb26,ริว,2025-06-24,ถ้าคืนนี้เป็นคืนสุดท้ายของคุณ ก่อนจากไปตลอดกาล,Ghostly Brews,TikTok,260766,260766,2776.73,67.0,6500.88,2.34,10.65,329.0,4994.0,0.02,0.37,0.14,1,ไม่ผ่าน
Feb26,ริว,2025-06-26,ทำไมต้องร้องไห้ แค่หนังสือเอง,ปีศาจตัวนั้นคือฉัน,TikTok,40246,40246,105.75,6.0,601.18,5.66,2.63,482.0,2449.0,0.06,0.35,0.06,1,ผ่าน
Feb26,ริว,2025-07-03,วันที่ความกลัวชนะทุกอย่าง,ปีศาจตัวนั้นคือฉัน,TikTok,310608,310608,17191.28,150.0,30880.91,1.8,55.35,154.0,5054.0,0.02,0.16,0.07,1,ไม่ผ่าน
Feb26,ริว,2025-07-05,เราเป็นมนุษย์,โอบกอดความไม่สมบูรณ์ของเธอ,TikTok,0,0,0.04,0.0,0.0,0.0,,0.0,0.0,0.0,0.0,0.0,1,ไม่มียอดขาย
Feb26,ริว,2025-07-07,สวัสดียามดึก คุณดวงวิญญาณ,Ghostly Brews,TikTok,34294,34294,865.98,39.0,4949.74,5.72,25.25,75.0,591.0,0.02,0.19,0.06,1,ผ่าน
Feb26,ริว,2025-07-08,สงมงหนังสือรางวัล,ปีศาจตัวนั้นคือฉัน,TikTok,26289,26289,24.64,9.0,1195.41,49.02,0.94,261.0,945.0,0.04,0.22,0.07,1,ผ่าน
Feb26,ริว,2025-07-11,อย่าลืมที่จะรักตัวเอง,ปีศาจความรักมักเลือกฉันเป็นเหยื่อ,TikTok,1463,1463,27.99,3.0,288.0,10.26,19.13,45.0,28.0,0.02,0.27,0.09,1,ผ่าน
Feb26,ริว,2025-07-14,ไพ่อยากจะบอกอะไรกับคุณ (ประโยคเดียวในหนังสืออ่านแล้วเปลี่ยนชีวิต),Boxset The Witches Club,TikTok,3069,3069,109.09,14.0,2798.52,25.61,35.55,52.0,56.0,0.02,0.26,0.11,1,ผ่าน
Feb26,ริว,2025-07-24,สัญญาณที่บอกว่าควรอ่านเล่มนี้,เหนื่อยมากไหม พักก่อนก็ได้นะวันนี้,TikTok,0,0,1.95,0.0,0.0,0.0,,0.0,0.0,0.0,0.0,0.0,1,ไม่มียอดขาย
Feb26,ริว,2025-07-28,รีบสั่งก่อนหมด,Ghostly Brews,TikTok,85467,85467,2970.95,64.0,6206.38,2.1,34.76,126.0,2552.0,0.03,0.2,0.07,1,ไม่ผ่าน
Feb26,ริว,2025-08-02,ริวเชื่อในตัวเองอีกครั้ง,เหนื่อยมากไหม พักก่อนก็ได้นะวันนี้,TikTok,965,965,129.73,1.0,0.0,0.0,134.44,84.0,8.0,0.01,0.17,0.07,1,ไม่มียอดขาย
Feb26,ริว,2025-08-15,ริวแม้สูญเสีย,The Witches Club,TikTok,0,0,0.32,0.0,0.0,0.0,,0.0,0.0,0.0,0.0,0.0,1,ไม่มียอดขาย
Feb26,ริว,2025-08-20,ริวกับไพ่ทำนายดวง,Boxset The Witches Club,TikTok,18389,18389,753.1,11.0,1817.91,2.41,40.95,194.0,801.0,0.04,0.25,0.12,1,ไม่ผ่าน
Feb26,ริว,2025-08-21,ริวเตือนสติ,ปีศาจตัวนั้นคือฉัน,TikTok,293363,293363,14854.36,176.0,31010.02,2.09,50.63,212.0,5971.0,0.02,0.31,0.14,1,ไม่ผ่าน
Feb26,ริว,2025-08-29,ริวเปิดตัวปีศาจ 2 (ภาคเสียงและนางแบบมือโดยดาราสาวสองท่าน),ปีศาจตัวนั้นคือฉันเอง2,TikTok,9620,9620,3856.24,23.0,3745.41,0.97,400.86,88.0,384.0,0.04,0.16,0.08,1,ไม่ผ่าน
Feb26,ริว,2025-09-04,ริวสบายวันไหน,ปีศาจตัวนั้นคือฉัน,TikTok,13547,13547,58.55,4.0,349.87,6.0,4.32,264.0,439.0,0.03,0.3,0.11,1,ผ่าน
Feb26,ริว,2025-09-08,ริวประโยคเดียวเปลี่ยนชีวิต,Boxset The Witches Club,TikTok,361,361,104.05,2.0,266.0,2.56,288.23,52.0,7.0,0.02,0.24,0.1,1,ผ่าน
Feb26,ริว,2025-09-10,ริวเตือนสติ,Ghostly Brews,TikTok,0,0,0.02,0.0,0.0,0.0,,0.0,0.0,0.0,0.0,0.0,1,ไม่มียอดขาย
Feb26,ริว,2025-09-11,ริวกลัวการเป็นผู้ใหญ่,ปีศาจตัวนั้นคือฉัน,TikTok,87984,87984,1370.04,54.0,6088.95,4.45,15.57,129.0,2437.0,0.03,0.23,0.1,1,ผ่าน
Feb26,ริว,2025-09-12,ริวดอกไม้ทำนายรัก,สวนของหัวใจ,TikTok,0,0,11.53,0.0,0.0,0.0,,0.0,0.0,0.0,0.0,0.0,1,ไม่มียอดขาย
Feb26,ริว,2025-09-16,ริวเริ่มต้นใหม่กับคุณคนเดิม,ปีศาจตัวนั้นคือฉันเอง2,TikTok,5153,5153,287.99,3.0,367.0,1.26,55.89,232.0,170.0,0.03,0.26,0.09,1,ไม่ผ่าน
Feb26,ริว,2025-09-19,ริวคือคนสำคัญ,ยินดีต้อนรับและขอบคุณที่กลับมา,TikTok,24969,24969,955.3,12.0,1578.3,1.65,38.26,239.0,1572.0,0.06,0.3,0.11,1,ไม่ผ่าน
Feb26,ริว,2025-09-25,ริวคะแนน 1000/100,remains,TikTok,0,0,2.86,0.0,0.0,0.0,,0.0,0.0,0.0,0.0,0.0,1,ไม่มียอดขาย
Feb26,ริว,2025-09-29,ริวเติบโตขึ้น พ่อแม่แก่ลง,ปีศาจตัวนั้นคือฉันเอง2,TikTok,0,0,0.49,0.0,0.0,0.0,,0.0,0.0,0.0,0.0,0.0,1,ไม่มียอดขาย
Feb26,ริว,2025-10-01,ริวเสาหลักของบ้าน,เหนื่อยมากไหม พักก่อนก็ได้นะวันนี้,TikTok,5124,5124,12.43,1.0,296.0,23.75,2.43,165.0,49.0,0.01,0.06,0.03,1,ผ่าน
Feb26,ริว,2025-10-07,ริวดูไพ่ไม่พึ่งหมอ,Boxset The Witches Club,TikTok,664,664,4.19,3.0,394.24,93.84,6.31,34.0,26.0,0.04,0.2,0.08,1,ผ่าน
Feb26,ริว,2025-10-15,ริว 30 เล่มสุดท้าย,ปีศาจตัวนั้นคือฉันเอง2,TikTok,81796,81796,7205.92,94.0,12886.83,1.79,88.1,131.0,4526.0,0.06,0.21,0.08,1,ไม่ผ่าน
Feb26,ริว,2025-10-17,ริวป้ายยา,สวนของหัวใจ,TikTok,1357,1357,186.67,2.0,264.0,1.42,137.56,100.0,54.0,0.04,0.17,0.08,1,ไม่ผ่าน
Feb26,ริว,2025-10-18,ริวผิดพลาด,Boxset The Witches Club,TikTok,0,0,7.68,0.0,0.0,0.0,,0.0,0.0,0.0,0.0,0.0,1,ไม่มียอดขาย
Feb26,ริว,2025-10-20,ริว(ไม่)นอกใจ,ปีศาจตัวนั้นคือฉันเอง2,TikTok,3503,3503,109.21,9.0,1026.15,9.4,31.18,70.0,218.0,0.06,0.29,0.12,1,ผ่าน
Feb26,ริว,2025-10-21,ริวป้ายยา,Boxset The Witches Club,TikTok,0,0,9.46,0.0,0.0,0.0,,0.0,0.0,0.0,0.0,0.0,1,ไม่มียอดขาย
Feb26,ริว,2025-10-24,ริวป้ายยา,remains,TikTok,12689,12689,82.15,9.0,1188.01,14.44,6.47,107.0,340.0,0.03,0.16,0.08,1,ผ่าน
Feb26,ริว,2025-10-24,ริวป้ายยา,remains,TikTok,8713,8713,14.34,3.0,398.54,27.89,1.65,437.0,163.0,0.02,0.14,0.06,1,ผ่าน
Feb26,ริว,2025-10-25,ริวทุกความทรงจำ,ทุกความทรงจำคือของขวัญจากวันวาน,TikTok,0,0,4.62,0.0,0.0,0.0,,0.0,0.0,0.0,0.0,0.0,1,ไม่มียอดขาย
Feb26,ริว,2025-10-27,ริวไม่มีความเศร้าไหน,ปีศาจตัวนั้นคือฉัน,TikTok,8672,8672,19.2,1.0,0.0,0.0,2.21,580.0,474.0,0.05,0.35,0.1,1,ไม่มียอดขาย
Feb26,ริว,2025-10-28,ริวการอยู่คนเดียวไม่ใช่ความเหงา,Ghostly Brews,TikTok,14781,14781,33.39,7.0,879.0,26.3,2.26,153.0,158.0,0.01,0.26,0.08,1,ผ่าน
Feb26,ริว,2025-10-29,ริวความกลัวชนะทุกอย่าง,ปีศาจตัวนั้นคือฉันเอง2,TikTok,515,515,84.06,1.0,0.0,0.0,163.22,75.0,12.0,0.02,0.13,0.06,1,ไม่มียอดขาย
Feb26,ริว,2025-10-30,ริวเพราะพรุ่งนี้อาจมาไม่ถึง,ขอใช้ชีวิตที่เหลือเพื่อตัวเองนะ,TikTok,97456,97456,73.4,25.0,2445.11,33.27,0.75,274.0,773.0,0.01,0.33,0.08,1,ผ่าน
Feb26,ริว,2025-11-02,ริวประโยคเดียว,Boxset The Witches Club,TikTok,103,103,557.03,1.0,0.0,0.0,5408.06,24.0,3.0,0.03,0.23,0.1,1,ไม่มียอดขาย
Feb26,ริว,2025-11-08,ริวคนไทยทำอะไรกันอยู่,Boxset คาปิบาร่า,TikTok,262,262,30.77,0.0,0.0,0.0,117.44,0.0,4.0,0.02,0.17,0.03,1,ไม่มียอดขาย
Feb26,ริว,2025-11-10,ริวอยากเป็นแฟนปุณณ์วัฒน์,Ghostly Brews,TikTok,0,0,0.21,0.0,0.0,0.0,,0.0,0.0,0.0,0.0,0.0,1,ไม่มียอดขาย
Feb26,ริว,2025-11-11,ริว 30 Boxset สุดท้าย,Boxset The Witches Club,TikTok,156535,156535,6973.29,126.0,14628.56,2.1,44.55,123.0,7136.0,0.05,0.23,0.09,1,ไม่ผ่าน
Feb26,ริว,2025-11-17,ริวไม่เป็นไร,ยินดีต้อนรับและขอบคุณที่กลับมา,TikTok,70642,70642,3229.89,26.0,3416.86,1.07,45.72,390.0,2101.0,0.03,0.35,0.1,1,ไม่ผ่าน
Feb26,ริว,2025-11-18,ริวไม่มีเขาแล้ว,ปีศาจตัวนั้นคือฉันเอง2,TikTok,613,613,264.58,2.0,0.0,0.0,431.62,53.0,13.0,0.02,0.21,0.06,1,ไม่มียอดขาย
Feb26,ริว,2025-11-22,ริวหนังสือถึงตัวเองในอนาคต,ทุกความทรงจำคือของขวัญจากวันวาน,TikTok,329,329,0.07,1.0,0.0,0.0,0.21,86.0,5.0,0.02,0.2,0.06,1,ไม่มียอดขาย
Feb26,ริว,2025-11-26,ริวแฟนเก่ากลับมาง้อ,สวนของหัวใจ,TikTok,732,732,1.33,0.0,0.0,0.0,1.82,0.0,14.0,0.02,0.2,0.07,1,ไม่มียอดขาย
Feb26,ริว,2025-11-27,ริว 5 ความจริงเกี่ยวกับความจริง,โอบกอดความไม่สมบูรณ์ของเธอ,TikTok,1709,1709,15.17,0.0,0.0,0.0,8.88,0.0,64.0,0.04,0.22,0.1,1,ไม่มียอดขาย
Feb26,ริว,2025-11-28,ริวคนรักแอบไปคุยกับแฟนเก่า,ปีศาจตัวนั้นคือฉันเอง2,TikTok,274008,274008,6846.12,82.0,12510.68,1.83,24.99,425.0,3618.0,0.01,0.35,0.14,1,ไม่ผ่าน
Feb26,ริว,2025-11-29,ริวไม่เป็นไรถ้าจะขอความช่วยเหลือ,ยินดีต้อนรับและขอบคุณที่กลับมา,TikTok,4915,4915,0.76,1.0,0.0,0.0,0.15,616.0,200.0,0.04,0.28,0.08,1,ไม่มียอดขาย
Feb26,ริว,2025-12-01,ริวแม่อยากให้ลูกมีอนาคตที่ดี,remains,TikTok,896,896,25.05,1.0,0.0,0.0,27.96,80.0,10.0,0.01,0.2,0.07,1,ไม่มียอดขาย
Feb26,ริว,2025-12-02,ริวแม้ไม่มีโอกาส,ปีศาจตัวนั้นคือฉันเอง2,TikTok,9546,9546,9.22,4.0,501.68,54.54,0.97,360.0,244.0,0.03,0.33,0.11,1,ผ่าน
Feb26,ริว,2025-12-03,ริวประโยคบอกกับตัวเอง,ขอใช้ชีวิตที่เหลือเพื่อตัวเองนะ,TikTok,1345,1345,1.61,1.0,0.0,0.0,1.2,120.0,28.0,0.02,0.17,0.07,1,ไม่มียอดขาย
Feb26,ริว,2025-12-04,ริวเติมของ,Ghostly Brews,TikTok,1536,1536,0.38,2.0,0.0,0.0,0.25,53.0,26.0,0.02,0.17,0.05,1,ไม่มียอดขาย
Feb26,ริว,2025-12-05,ริวเปลี่ยนความทุกข์,Boxset The Witches Club,TikTok,0,0,0.39,0.0,0.0,0.0,,0.0,0.0,0.0,0.0,0.0,1,ไม่มียอดขาย
Feb26,ริว,2025-12-09,ริวฝากถึงคนที่โดนนอกใจ,ปีศาจตัวนั้นคือฉัน,TikTok,3320,3320,1743.64,10.0,1192.97,0.68,525.19,55.0,115.0,0.03,0.18,0.09,1,ไม่ผ่าน
Feb26,ริว,2025-12-11,ริวหนังสือที่เหมาะกับ,ปีศาจตัวนั้นคือฉันเอง2,TikTok,746,746,22.4,3.0,296.57,13.18,30.03,33.0,28.0,0.04,0.24,0.11,1,ผ่าน
Feb26,ริว,2025-12-12,ริวโปร299,Ghostly Brews,TikTok,1087,1087,596.91,16.0,1956.63,3.28,549.14,9.0,20.0,0.02,0.13,0.05,1,ผ่าน
Feb26,ริว,2025-12-13,ริวหนังสือพัฒนาตัวเอง,ชีวิตมีเรื่องให้ขอบคุณมากกว่าเสียใจ,TikTok,2346,2346,24.62,2.0,0.0,0.0,10.49,115.0,98.0,0.04,0.21,0.07,1,ไม่มียอดขาย
Feb26,ริว,2025-12-15,ริวหนังสือการ์ตูนฮีลใจ,Ghostly Brews,TikTok,1324,1324,11.03,3.0,273.8,24.79,8.33,21.0,24.0,0.02,0.19,0.06,1,ผ่าน
Feb26,ริว,2025-12-17,ริวเตือนสติ,ปีศาจตัวนั้นคือฉัน,TikTok,445,445,0.47,0.0,0.0,0.0,1.06,0.0,7.0,0.02,0.27,0.08,1,ไม่มียอดขาย
Feb26,ริว,2025-12-20,ริวอ่านแล้วใจเบาลง,เหนื่อยมากไหม พักก่อนก็ได้นะวันนี้,TikTok,1488,1488,14.53,1.0,0.0,0.0,9.76,41.0,11.0,0.01,0.05,0.01,1,ไม่มียอดขาย
Feb26,ริว,2025-12-26,ริวประโยคเดียว,Boxset The Witches Club,TikTok,723,723,552.7,2.0,295.97,0.54,764.45,42.0,16.0,0.02,0.17,0.08,1,ไม่ผ่าน
Feb26,ริว,2025-12-29,ริวพรุ่งนี้ใกล้ความตาย,Ghostly Brews,TikTok,5995,5995,74.38,2.0,0.0,0.0,12.41,157.0,209.0,0.03,0.48,0.09,1,ไม่มียอดขาย
Feb26,ริว,2025-12-31,ริวจุกอก,ปีศาจตัวนั้นคือฉัน,TikTok,1182,1182,61.77,1.0,212.0,3.43,52.26,23.0,21.0,0.02,0.12,0.04,1,ผ่าน
Feb26,หมิว,2025-02-11,หนังสือฮีลใจที่อยากบอกต่อ [เปิดตัว 4],Kiwtum,Meta,3601,5349,359.03,0.0,0.0,0.0,67.12,,,,,,8,ไม่มียอดขาย
Feb26,หมิว,2025-05-27,หนังสือที่จะทำให้เสียน้ำตา,Ghostly Brews,Meta,49170,60101,2925.06,3.0,1328.0,0.45,48.67,975.02,,,,,16,ไม่ผ่าน
Feb26,หมิว,2025-07-03,[Cross Page] เมื่อคนที่หมดแพชชัน,Ghostly Brews,Meta,71203,90367,4002.23,21.0,4233.0,1.06,44.29,190.58,,,,,8,ไม่ผ่าน
Feb26,หมิว,2025-09-12,Boxset เปลี่ยนความทุกข์,The Witches' Club,Meta,157852,255619,11623.58,41.0,24097.0,2.07,45.47,283.5,,,,,14,ไม่ผ่าน
Feb26,หมิว,2025-10-03,ผลงานภาคต่อที่หัวใจรอคอย,Ghostly Remains,Meta,31469,52865,6528.55,17.0,9545.0,1.46,123.49,384.03,,,,,26,ไม่ผ่าน
Feb26,หมิว,2025-10-17,Boxset เปลี่ยนความทุกข์,The Witches' Club,Meta,12480,17565,1254.91,5.0,2955.0,2.35,71.44,250.98,,,,,12,ไม่ผ่าน
Feb26,หมิว,2025-10-31,แย้มอยากได้ 2 เล่ม,Ghostly Remains,Meta,2931,4270,564.43,0.0,0.0,0.0,132.19,,,,,,3,ไม่มียอดขาย
Feb26,หมิว,2025-11-03,อ่านแล้วหายเหนื่อย,เหนื่อยมากไหม พักก่อนก็ได้นะ,Meta,5910,7700,494.54,0.0,0.0,0.0,64.23,,,,,,8,ไม่มียอดขาย
Feb26,หมิว,2025-11-12,อะไรที่ขัดขวางเรา,All Product,Meta,2373,3277,272.4,0.0,0.0,0.0,83.12,,,,,,3,ไม่มียอดขาย
Feb26,หมิว,2025-11-19,E-Book เปลี่ยนความทุกข์ : Witches,All Product,Meta,555,632,46.09,0.0,0.0,0.0,72.93,,,,,,3,ไม่มียอดขาย
Feb26,หมิว,2025-11-26,จากร้านกาแฟหลังเที่ยงคืน,Ghostly Remains,Meta,41567,57847,2738.53,4.0,2717.0,0.99,47.34,684.63,,,,,10,ไม่ผ่าน
Feb26,หมิว,2025-11-26,หนังสือที่คนอ่านร้องไห้,Ghostly Remains,Meta,7505,11393,749.05,0.0,0.0,0.0,65.75,,,,,,7,ไม่มียอดขาย
Feb26,หมิว,2025-11-27,พกไว้อ่าน ในวันที่ไม่ไหว : Tried,All Product,Meta,11321,13712,622.55,1.0,359.0,0.58,45.4,622.55,,,,,4,ไม่ผ่าน
Feb26,หมิว,2025-12-12,เปิดตัว E-Book เล่มใหม่ : Remains,All Product,Meta,8805,13002,778.31,1.0,359.0,0.46,59.86,778.31,,,,,4,ไม่ผ่าน
Feb26,หมิว,2026-01-16,ของขวัญตอนรับปีใหม่ 2026,The Witches' Club,Meta,4727,6909,337.8,1.0,239.0,0.71,48.89,337.8,,,,,1,ไม่ผ่าน
Feb26,หมิว,2026-01-16,พรุ่งนี้กับความตาย,Ghostly Remains,Meta,4815,6585,301.61,1.0,749.0,2.48,45.8,301.61,,,,,1,ไม่ผ่าน
Feb26,หมิว,2026-01-16,สิ่งที่ได้เรียนรู้ในปีนี้,Ghostly Brews,Meta,106,117,6.04,0.0,0.0,0.0,51.62,,,,,,1,ไม่มียอดขาย
Feb26,หมิว,2026-01-16,หนังสือเข้าชิงรางวัล,Ghostly Brews,Meta,3376,4196,213.17,0.0,0.0,0.0,50.8,,,,,,1,ไม่มียอดขาย
Feb26,หมิว,2026-01-19,หนังสือจากแพทย์,กับดักความรู้สึกผิด,Meta,41059,168700,9736.47,28.0,13650.0,1.4,57.71,347.73,,,,,7,ไม่ผ่าน
Feb26,หมิว,2026-01-19,เปิดตัวเล่มใหม่กับดัก,กับดักความรู้สึกผิด,Meta,276569,540224,27129.55,102.0,43518.0,1.6,50.22,265.98,,,,,14,ไม่ผ่าน
Feb26,หมิว,2026-01-20,ฉบับลายเซ็นกลับมาอีกครั้ง,The Witches' Club,Meta,14194,25304,3286.47,8.0,3678.0,1.12,129.88,410.81,,,,,6,ไม่ผ่าน
Feb26,หมิว,2026-01-26,กลับมาย้ำให้ช้ำใจกว่าเดิม,Ghostly Remains,Meta,14095,22501,933.74,3.0,1787.0,1.91,41.5,311.25,,,,,2,ไม่ผ่าน
Feb26,หมิว,2026-01-28,เปิดตัวเล่มใหม่,กับดักความรู้สึกผิด,Meta,6462,18947,510.68,0.0,0.0,0.0,26.95,,,,,,1,ไม่มียอดขาย
Feb26,หมิว,2026-01-29,โทษตัวเองเก่ง,กับดักความรู้สึกผิด,Meta,171703,367809,25034.92,97.0,49880.0,1.99,68.07,258.09,,,,,20,ไม่ผ่าน
Feb26,หมิว,2026-01-30,4 ประโยคแสนจุกอก,Ghostly Brews,Meta,8309,10966,575.3,1.0,379.0,0.66,52.46,575.3,,,,,1,ไม่ผ่าน
Feb26,หมิว,2026-02-03,5 ลักษณะของคนที่,กับดักความรู้สึกผิด,Meta,4320,6331,1064.15,1.0,409.0,0.38,168.09,1064.15,,,,,1,ไม่ผ่าน
Feb26,หมิว,2026-02-03,คะแนน9/10,กับดักความรู้สึกผิด,Meta,5009,6724,549.84,1.0,399.0,0.73,81.77,549.84,,,,,1,ไม่ผ่าน
Feb26,หมิว,2026-02-03,คำนี้เขียนว่าอะไร,All Product,Meta,10317,14850,907.53,2.0,718.0,0.79,61.11,453.76,,,,,2,ไม่ผ่าน
Feb26,หมิว,2026-02-03,พรรคก่อนก็ได้นะวันนี้,เหนื่อยมากไหม พักก่อนก็ได้นะ,Meta,5103,5970,508.35,0.0,0.0,0.0,85.15,,,,,,1,ไม่มียอดขาย
Feb26,หมิว,2026-02-03,อากาศดีขึ้นแล้ว,เหนื่อยมากไหม พักก่อนก็ได้นะ,Meta,4365,5970,567.14,1.0,559.0,0.99,95.0,567.14,,,,,1,ไม่ผ่าน
Feb26,หมิว,2026-02-03,เคยรู้สึกว่ามูฟออนได้,กับดักความรู้สึกผิด,Meta,6277,10227,1222.07,3.0,1668.0,1.36,119.49,407.36,,,,,1,ไม่ผ่าน
Feb26,หมิว,2026-02-03,เปิดตัว E-Book เล่มใหม่ : Trap,All Product,Meta,18234,43718,3103.84,14.0,5376.0,1.73,71.0,221.7,,,,,2,ไม่ผ่าน
Feb26,หมิว,2026-02-04,8 ชั่วโมงบนเครื่องบิน,Engage,Meta,6555,8089,317.16,0.0,0.0,0.0,39.21,,,,,,1,ไม่มียอดขาย
Feb26,หมิว,2026-02-04,Top 10 January,Engage,Meta,34176,56842,1218.03,1.0,409.0,0.34,21.43,1218.03,,,,,1,ไม่ผ่าน
Feb26,หมิว,2026-02-05,ถ้าวันหนึ่ง แฟนเก่าทักมาว่า,Devillove,Meta,3721,5151,310.95,0.0,0.0,0.0,60.37,,,,,,1,ไม่มียอดขาย
Feb26,หมิว,2026-02-05,ส่งประโยคนี้ไปให้คนที่,Ghostly Brews,Meta,10872,16127,737.59,2.0,1158.0,1.57,45.74,368.8,,,,,1,ไม่ผ่าน
Feb26,หมิว,2026-02-05,อยากบอกอะไร ?,Devillove,Meta,2128,2874,314.99,0.0,0.0,0.0,109.6,,,,,,1,ไม่มียอดขาย
Feb26,หมิว,2026-02-06,ห้ามพลาดหนังสือฉบับลายเซ็น,กับดักความรู้สึกผิด,Meta,41190,101893,8952.92,32.0,17265.0,1.93,87.87,279.78,,,,,3,ไม่ผ่าน
Feb26,หมิว,2026-02-06,แด่ทุกความสัมพันธ์ในหัวใจ,Garden,Meta,7132,10025,276.29,1.0,440.0,1.59,27.56,276.29,,,,,1,ไม่ผ่าน
Feb26,หมิว,2026-02-09,มนุษย์ที่เป็นคนดี,กับดักความรู้สึกผิด,Meta,49541,67689,3218.37,11.0,5430.0,1.69,47.55,292.58,,,,,1,ไม่ผ่าน
Feb26,หมิว,2026-02-09,รอยยิ้มซ่อนความเศร้า,กับดักความรู้สึกผิด,Meta,2307,3104,540.12,0.0,0.0,0.0,174.01,,,,,,1,ไม่มียอดขาย
Feb26,หมิว,2026-02-10,เกิดวันนี้ ท่องคาถา ไหนดี,The Witches' Club,Meta,73759,94713,255.4,0.0,0.0,0.0,2.7,,,,,,1,ไม่มียอดขาย
Feb26,หมิว,2026-02-12,2 หนังสือเล่มดำ ขายดี,Ghostly Brews,Meta,2317,4887,360.59,0.0,0.0,0.0,73.79,,,,,,1,ไม่มียอดขาย
Feb26,หมิว,2026-02-12,BEST OF THE YEAR,Ghostly Brews,Meta,791,905,112.93,0.0,0.0,0.0,124.78,,,,,,1,ไม่มียอดขาย
Feb26,หมิว,2026-02-12,บางคนตายไป,Ghostly Brews,Meta,7077,10126,548.23,1.0,409.0,0.75,54.14,548.23,,,,,1,ไม่ผ่าน
Feb26,หมิว,2026-02-13,บทเรียนจากหมอทานตะวัน,กับดักความรู้สึกผิด,Meta,27111,45006,3863.48,15.0,6760.0,1.75,85.84,257.57,,,,,1,ไม่ผ่าน
Feb26,หมิว,2026-02-16,มนุษย์ที่เป็นคนดีมักมี,กับดักความรู้สึกผิด,Meta,3934,5582,880.12,1.0,409.0,0.46,157.67,880.12,,,,,1,ไม่ผ่าน
Feb26,หมิว,2026-02-19,ทำไมเราใจดีกับคนอื่น,Ghostly Brews,Meta,7056,10134,738.8,1.0,529.0,0.72,72.9,738.8,,,,,2,ไม่ผ่าน
Feb26,หมิว,2026-02-20,เรื่องบางเรื่องในชีวิต,Ghostly Remains,Meta,12531,17425,959.26,0.0,0.0,0.0,55.05,,,,,,2,ไม่มียอดขาย
Feb26,หมิว,2026-02-21,คุณยังคิดถึงเขา,Ghostly Brews,Meta,5238,7496,486.24,1.0,359.0,0.74,64.87,486.24,,,,,1,ไม่ผ่าน
Feb26,หมิว,2026-02-21,รีสต็อก 50 เล่ม 359.-,Ghostly Remains,Meta,2399,4187,374.91,0.0,0.0,0.0,89.54,,,,,,1,ไม่มียอดขาย
Feb26,หมิว,2026-02-25,Q&A พบหมอทานตะวัน,กับดักความรู้สึกผิด,Meta,2743,3497,193.82,0.0,0.0,0.0,55.42,,,,,,2,ไม่มียอดขาย
Feb26,หมิว,2026-02-26,PAYDAY Shopee,กับดักความรู้สึกผิด,Meta,65584,70433,999.19,0.0,0.0,0.0,14.19,,,,,,1,ไม่มียอดขาย
Feb26,หมิว,2026-02-27,Boxset เปลี่ยนความทุกข์,The Witches' Club,Meta,1718,2389,258.02,0.0,0.0,0.0,108.0,,,,,,1,ไม่มียอดขาย
Feb26,หมิว,2026-02-27,คุณแบกอดีตไว้,Ghostly Brews,Meta,2973,4394,316.95,1.0,359.0,1.13,72.13,316.95,,,,,1,ไม่ผ่าน
Feb26,หมิว,2026-02-27,ดูเหมือนเธอมีบางสิ่ง,Ghostly Remains,Meta,3109,4958,340.08,1.0,659.0,1.94,68.59,340.08,,,,,1,ไม่ผ่าน
